,date,time,comp,round,day,venue,result,gf,ga,opponent,poss,attendance,captain,formation,referee,match report,notes,team,sh,sot,pk,pkatt
0,2023-02-17,19:00,J1 League,Matchweek 1,Fri,Away,W,2.0,1.0,Kawa Frontale,34.0,22563.0,Takuya Kida,4-2-3-1,Yudai Yamamoto,Match Report,,Yokohama-F-Marinos,10,4,0,0
0,2023-02-17,19:00,J1 League,Matchweek 1,Fri,Home,L,1.0,2.0,Marinos,66.0,22563.0,Kento Tachibanada,4-3-3,Yudai Yamamoto,Match Report,,Kawasaki-Frontale,18,5,0,0
0,2023-02-18,14:00,J1 League,Matchweek 1,Sat,Home,W,1.0,0.0,Avispa Fukuoka,56.0,18981.0,Hotaru Yamaguchi,4-3-3,Yoshirō Imamura,Match Report,,Vissel-Kobe,12,4,0,0
0,2023-02-18,14:00,J1 League,Matchweek 1,Sat,Away,W,1.0,0.0,Yokohama FC,29.0,11186.0,Sho Inagaki,3-4-3,Akihiko Ikeuchi,Match Report,,Nagoya-Grampus,7,3,0,0
0,2023-02-18,14:00,J1 League,Matchweek 1,Sat,Away,D,0.0,0.0,Sanfrecce,53.0,13121.0,Hiroki Miyazawa,3-4-3,Takafumi Mikuriya,Match Report,,Hokkaido-Consadole-Sapporo,5,0,0,0
0,2023-02-18,15:00,J1 League,Matchweek 1,Sat,Away,D,2.0,2.0,Kashiwa Reysol,59.0,12334.0,Takashi Usami,4-3-3,Kōei Koya,Match Report,,Gamba-Osaka,10,5,0,0
0,2023-02-18,14:00,J1 League,Matchweek 1,Sat,Away,L,0.0,1.0,Vissel Kobe,44.0,18981.0,Tatsuki Nara,3-4-3,Yoshirō Imamura,Match Report,,Avispa-Fukuoka,9,3,0,0
0,2023-02-18,14:00,J1 League,Matchweek 1,Sat,Away,D,2.0,2.0,Cerezo Osaka,62.0,17928.0,Yuto Horigome,4-2-3-1,Yuichi Nishimura,Match Report,,Albirex-Niigata,10,6,0,0
0,2023-02-18,14:00,J1 League,Matchweek 1,Sat,Away,L,0.0,2.0,FC Tokyo,48.0,38051.0,Hiroki Sakai,4-4-2,Hiroki Kasahara,Match Report,,Urawa-Red-Diamonds,5,1,0,0
0,2023-02-18,14:00,J1 League,Matchweek 1,Sat,Home,L,0.0,2.0,Kashima Antlers,54.0,15988.0,Sota Kawasaki,4-3-3,Ryo Tanimoto,Match Report,,Kyoto-Sanga,6,0,0,0
0,2023-02-18,15:00,J1 League,Matchweek 1,Sat,Home,L,1.0,5.0,Shonan Bellmare,63.0,9663.0,Park Iru-gyu,3-4-3,Masuya Ueda,Match Report,,Sagan-Tosu,11,2,0,0
0,2023-02-18,14:00,J1 League,Matchweek 1,Sat,Home,L,0.0,1.0,Grampus,71.0,11186.0,Gabriel,4-2-3-1,Akihiko Ikeuchi,Match Report,,Yokohama-FC,17,1,0,0
0,2023-02-18,14:00,J1 League,Matchweek 1,Sat,Home,D,0.0,0.0,Consa Sapporo,47.0,13121.0,Sho Sasaki,3-4-3,Takafumi Mikuriya,Match Report,,Sanfrecce-Hiroshima,16,5,0,0
0,2023-02-18,14:00,J1 League,Matchweek 1,Sat,Home,W,2.0,0.0,Urawa Reds,52.0,38051.0,Diego Oliveira,4-3-3,Hiroki Kasahara,Match Report,,FC-Tokyo,10,3,0,0
0,2023-02-18,15:00,J1 League,Matchweek 1,Sat,Home,D,2.0,2.0,Gamba Osaka,41.0,12334.0,Taiyo Koga,4-3-3,Kōei Koya,Match Report,,Kashiwa-Reysol,15,6,1,1
0,2023-02-18,14:00,J1 League,Matchweek 1,Sat,Home,D,2.0,2.0,Albirex Niigata,38.0,17928.0,Ryūya Nishio,4-4-2,Yuichi Nishimura,Match Report,,Cerezo-Osaka,9,3,0,0
0,2023-02-18,14:00,J1 League,Matchweek 1,Sat,Away,W,2.0,0.0,Kyoto Sanga,46.0,15988.0,Yuma Suzuki,4-3-3,Ryo Tanimoto,Match Report,,Kashima-Antlers,11,4,0,0
0,2023-02-18,15:00,J1 League,Matchweek 1,Sat,Away,W,5.0,1.0,Sagan Tosu,37.0,9663.0,Kazuki Oiwa,3-1-4-2,Masuya Ueda,Match Report,,Shonan-Bellmare,21,14,0,0
1,2023-02-24,19:00,J1 League,Matchweek 2,Fri,Away,D,2.0,2.0,Shonan Bellmare,60.0,10006.0,Gabriel,4-2-3-1,Hayato Shimizu,Match Report,,Yokohama-FC,22,7,0,0
1,2023-02-24,19:00,J1 League,Matchweek 2,Fri,Home,D,2.0,2.0,Yokohama FC,40.0,10006.0,Kazuki Oiwa,3-1-4-2,Hayato Shimizu,Match Report,,Shonan-Bellmare,22,6,0,0
1,2023-02-25,15:00,J1 League,Matchweek 2,Sat,Away,D,1.0,1.0,Gamba Osaka,54.0,25865.0,Naoyuki Fujita,3-4-3,Koichiro Fukushima,Match Report,,Sagan-Tosu,7,3,0,0
1,2023-02-25,15:00,J1 League,Matchweek 2,Sat,Away,W,3.0,1.0,Consa Sapporo,37.0,17078.0,Hotaru Yamaguchi,4-3-3,Kōei Koya,Match Report,,Vissel-Kobe,19,9,0,0
1,2023-02-25,15:00,J1 League,Matchweek 2,Sat,Home,L,1.0,3.0,Vissel Kobe,63.0,17078.0,Hiroki Miyazawa,3-4-3,Kōei Koya,Match Report,,Hokkaido-Consadole-Sapporo,13,6,1,1
1,2023-02-25,15:00,J1 League,Matchweek 2,Sat,Away,L,1.0,2.0,Avispa Fukuoka,58.0,9607.0,Ryūya Nishio,4-4-2,Futoshi Nakamura,Match Report,,Cerezo-Osaka,10,6,0,0
1,2023-02-25,15:00,J1 League,Matchweek 2,Sat,Home,D,1.0,1.0,Sagan Tosu,47.0,25865.0,Takashi Usami,4-3-3,Koichiro Fukushima,Match Report,,Gamba-Osaka,18,5,0,0
1,2023-02-25,15:00,J1 League,Matchweek 2,Sat,Home,W,2.0,1.0,Cerezo Osaka,42.0,9607.0,Tatsuki Nara,3-4-3,Futoshi Nakamura,Match Report,,Avispa-Fukuoka,14,4,0,0
1,2023-02-25,16:00,J1 League,Matchweek 2,Sat,Away,W,2.0,1.0,Kashima Antlers,75.0,28608.0,Kento Tachibanada,4-3-3,Yuichi Nishimura,Match Report,,Kawasaki-Frontale,16,3,1,1
1,2023-02-25,14:00,J1 League,Matchweek 2,Sat,Home,W,2.0,0.0,Urawa Reds,58.0,34035.0,Takuya Kida,4-3-3,Akihiko Ikeuchi,Match Report,,Yokohama-F-Marinos,14,5,0,0
1,2023-02-25,14:00,J1 League,Matchweek 2,Sat,Away,L,0.0,2.0,Marinos,42.0,34035.0,Hiroki Sakai,4-2-3-1,Akihiko Ikeuchi,Match Report,,Urawa-Red-Diamonds,9,3,0,0
1,2023-02-25,16:00,J1 League,Matchweek 2,Sat,Home,W,1.0,0.0,Kyoto Sanga,48.0,21327.0,Sho Inagaki,3-4-3,Yoshirō Imamura,Match Report,,Nagoya-Grampus,16,4,0,0
1,2023-02-25,16:00,J1 League,Matchweek 2,Sat,Home,L,1.0,2.0,Kawa Frontale,25.0,28608.0,Yuma Suzuki,4-3-3,Yuichi Nishimura,Match Report,,Kashima-Antlers,6,4,0,0
1,2023-02-25,16:00,J1 League,Matchweek 2,Sat,Away,L,0.0,1.0,Grampus,52.0,21327.0,Sota Kawasaki,3-4-3,Yoshirō Imamura,Match Report,,Kyoto-Sanga,10,3,0,0
1,2023-02-26,15:00,J1 League,Matchweek 2,Sun,Home,D,1.0,1.0,FC Tokyo,50.0,12833.0,Taiyo Koga,4-3-3,Yudai Yamamoto,Match Report,,Kashiwa-Reysol,3,2,0,0
1,2023-02-26,15:00,J1 League,Matchweek 2,Sun,Away,D,1.0,1.0,Kashiwa Reysol,50.0,12833.0,Diego Oliveira,4-3-3,Yudai Yamamoto,Match Report,,FC-Tokyo,18,5,0,0
1,2023-02-26,14:00,J1 League,Matchweek 2,Sun,Away,W,2.0,1.0,Sanfrecce,44.0,13266.0,Yuto Horigome,4-2-3-1,Takuto Okabe,Match Report,,Albirex-Niigata,9,5,0,0
1,2023-02-26,14:00,J1 League,Matchweek 2,Sun,Home,L,1.0,2.0,Albirex Niigata,56.0,13266.0,Sho Sasaki,3-4-3,Takuto Okabe,Match Report,,Sanfrecce-Hiroshima,27,9,0,0
2,2023-03-03,19:00,J1 League,Matchweek 3,Fri,Home,D,1.0,1.0,Sanfrecce,57.0,10854.0,Takuya Kida,4-2-3-1,Futoshi Nakamura,Match Report,,Yokohama-F-Marinos,9,5,0,0
2,2023-03-03,19:00,J1 League,Matchweek 3,Fri,Away,D,1.0,1.0,Marinos,43.0,10854.0,Sho Sasaki,3-1-4-2,Futoshi Nakamura,Match Report,,Sanfrecce-Hiroshima,14,4,0,0
2,2023-03-04,14:00,J1 League,Matchweek 3,Sat,Away,D,2.0,2.0,Albirex Niigata,55.0,25468.0,Hiroki Miyazawa,3-4-3,Akihiko Ikeuchi,Match Report,,Hokkaido-Consadole-Sapporo,22,4,0,0
2,2023-03-04,14:00,J1 League,Matchweek 3,Sat,Away,W,3.0,1.0,Yokohama FC,43.0,10637.0,Yuma Suzuki,4-3-3,Jumpei Iida,Match Report,,Kashima-Antlers,18,1,0,0
2,2023-03-04,15:00,J1 League,Matchweek 3,Sat,Home,W,1.0,0.0,Kashiwa Reysol,51.0,6210.0,Tatsuki Nara,3-4-3,Ryo Tanimoto,Match Report,,Avispa-Fukuoka,8,3,0,0
2,2023-03-04,15:00,J1 League,Matchweek 3,Sat,Home,W,1.0,0.0,Grampus,49.0,7773.0,Naoyuki Fujita,3-4-3,Kōei Koya,Match Report,,Sagan-Tosu,8,5,0,0
2,2023-03-04,15:00,J1 League,Matchweek 3,Sat,Home,W,2.0,1.0,Cerezo Osaka,50.0,18437.0,Hiroki Sakai,4-2-3-1,Hayato Shimizu,Match Report,,Urawa-Red-Diamonds,13,5,1,1
2,2023-03-04,15:00,J1 League,Matchweek 3,Sat,Away,L,1.0,2.0,Urawa Reds,50.0,18437.0,Tokuma Suzuki,4-4-2,Hayato Shimizu,Match Report,,Cerezo-Osaka,8,1,0,0
2,2023-03-04,13:00,J1 League,Matchweek 3,Sat,Home,D,1.0,1.0,Shonan Bellmare,53.0,21717.0,Kento Tachibanada,4-3-3,Yūsuke Araki,Match Report,,Kawasaki-Frontale,10,2,0,0
2,2023-03-04,15:00,J1 League,Matchweek 3,Sat,Away,L,0.0,1.0,Sagan Tosu,51.0,7773.0,Sho Inagaki,3-4-3,Kōei Koya,Match Report,,Nagoya-Grampus,13,5,0,0
2,2023-03-04,14:00,J1 League,Matchweek 3,Sat,Home,W,2.0,0.0,FC Tokyo,46.0,13255.0,Sota Kawasaki,4-3-3,Koichiro Fukushima,Match Report,,Kyoto-Sanga,8,4,1,1
2,2023-03-04,14:00,J1 League,Matchweek 3,Sat,Home,L,1.0,3.0,Kashima Antlers,57.0,10637.0,Hirotaka Mita,4-2-3-1,Jumpei Iida,Match Report,,Yokohama-FC,3,1,1,1
2,2023-03-04,14:00,J1 League,Matchweek 3,Sat,Home,W,4.0,0.0,Gamba Osaka,38.0,17781.0,Hotaru Yamaguchi,4-3-3,Masuya Ueda,Match Report,,Vissel-Kobe,12,5,0,0
2,2023-03-04,14:00,J1 League,Matchweek 3,Sat,Away,L,0.0,2.0,Kyoto Sanga,54.0,13255.0,Masato Morishige,4-3-3,Koichiro Fukushima,Match Report,,FC-Tokyo,7,2,0,0
2,2023-03-04,13:00,J1 League,Matchweek 3,Sat,Away,D,1.0,1.0,Kawa Frontale,47.0,21717.0,Kazuki Oiwa,3-1-4-2,Yūsuke Araki,Match Report,,Shonan-Bellmare,15,3,0,0
2,2023-03-04,14:00,J1 League,Matchweek 3,Sat,Away,L,0.0,4.0,Vissel Kobe,62.0,17781.0,Takashi Usami,4-3-3,Masuya Ueda,Match Report,,Gamba-Osaka,7,0,0,0
2,2023-03-04,15:00,J1 League,Matchweek 3,Sat,Away,L,0.0,1.0,Avispa Fukuoka,49.0,6210.0,Taiyo Koga,4-3-3,Ryo Tanimoto,Match Report,,Kashiwa-Reysol,8,2,0,0
2,2023-03-04,14:00,J1 League,Matchweek 3,Sat,Home,D,2.0,2.0,Consa Sapporo,45.0,25468.0,Takahiro Ko,4-2-3-1,Akihiko Ikeuchi,Match Report,,Albirex-Niigata,12,5,0,0
3,2023-03-11,14:00,J1 League,Matchweek 4,Sat,Away,W,1.0,0.0,Vissel Kobe,42.0,21223.0,Hiroki Sakai,4-2-3-1,Yuichi Nishimura,Match Report,,Urawa-Red-Diamonds,9,1,0,0
3,2023-03-11,14:00,J1 League,Matchweek 4,Sat,Away,L,0.0,1.0,Albirex Niigata,56.0,26397.0,Kento Tachibanada,4-3-3,Jumpei Iida,Match Report,,Kawasaki-Frontale,7,2,0,0
3,2023-03-11,14:00,J1 League,Matchweek 4,Sat,Home,L,0.0,1.0,Urawa Reds,58.0,21223.0,Hotaru Yamaguchi,4-3-3,Yuichi Nishimura,Match Report,,Vissel-Kobe,11,3,0,0
3,2023-03-11,14:00,J1 League,Matchweek 4,Sat,Home,W,1.0,0.0,Kawa Frontale,45.0,26397.0,Takahiro Ko,4-2-3-1,Jumpei Iida,Match Report,,Albirex-Niigata,11,3,0,0
3,2023-03-12,15:00,J1 League,Matchweek 4,Sun,Away,W,3.0,0.0,Kashiwa Reysol,44.0,9866.0,Sho Inagaki,3-4-3,Futoshi Nakamura,Match Report,,Nagoya-Grampus,13,8,0,0
3,2023-03-12,16:00,J1 League,Matchweek 4,Sun,Away,W,2.0,1.0,Gamba Osaka,44.0,18765.0,Sho Sasaki,3-1-4-2,Akihiko Ikeuchi,Match Report,,Sanfrecce-Hiroshima,15,5,1,1
3,2023-03-12,15:00,J1 League,Matchweek 4,Sun,Away,W,2.0,0.0,Shonan Bellmare,38.0,10791.0,Sota Kawasaki,4-3-3,Shū Kawamata,Match Report,,Kyoto-Sanga,12,7,0,0
3,2023-03-12,15:00,J1 League,Matchweek 4,Sun,Away,L,0.0,2.0,Consa Sapporo,64.0,17059.0,Takuya Kida,4-2-3-1,Koichiro Fukushima,Match Report,,Yokohama-F-Marinos,9,2,0,0
3,2023-03-12,15:00,J1 League,Matchweek 4,Sun,Home,D,0.0,0.0,Avispa Fukuoka,53.0,20097.0,Yuma Suzuki,4-4-2,Yudai Yamamoto,Match Report,,Kashima-Antlers,14,1,0,0
3,2023-03-12,14:00,J1 League,Matchweek 4,Sun,Away,L,1.0,2.0,Cerezo Osaka,46.0,15714.0,Naoyuki Fujita,3-4-3,Yoshirō Imamura,Match Report,,Sagan-Tosu,8,1,0,0
3,2023-03-12,15:00,J1 League,Matchweek 4,Sun,Home,L,0.0,3.0,Grampus,56.0,9866.0,Taiyo Koga,3-1-4-2,Futoshi Nakamura,Match Report,,Kashiwa-Reysol,16,6,0,0
3,2023-03-12,15:00,J1 League,Matchweek 4,Sun,Home,L,0.0,2.0,Kyoto Sanga,62.0,10791.0,Kazuki Oiwa,3-1-4-2,Shū Kawamata,Match Report,,Shonan-Bellmare,17,5,0,0
3,2023-03-12,16:00,J1 League,Matchweek 4,Sun,Home,L,1.0,2.0,Sanfrecce,56.0,18765.0,Takashi Usami,4-3-3,Akihiko Ikeuchi,Match Report,,Gamba-Osaka,12,4,0,0
3,2023-03-12,15:00,J1 League,Matchweek 4,Sun,Away,D,0.0,0.0,Kashima Antlers,47.0,20097.0,Tatsuki Nara,3-4-3,Yudai Yamamoto,Match Report,,Avispa-Fukuoka,5,0,0,0
3,2023-03-12,15:00,J1 League,Matchweek 4,Sun,Home,W,3.0,1.0,Yokohama FC,45.0,23752.0,Diego Oliveira,4-3-3,Masuya Ueda,Match Report,,FC-Tokyo,16,7,0,0
3,2023-03-12,15:00,J1 League,Matchweek 4,Sun,Home,W,2.0,0.0,Marinos,36.0,17059.0,Hiroki Miyazawa,3-4-3,Koichiro Fukushima,Match Report,,Hokkaido-Consadole-Sapporo,17,6,0,0
3,2023-03-12,14:00,J1 League,Matchweek 4,Sun,Home,W,2.0,1.0,Sagan Tosu,55.0,15714.0,Tokuma Suzuki,4-2-3-1,Yoshirō Imamura,Match Report,,Cerezo-Osaka,11,3,0,0
3,2023-03-12,15:00,J1 League,Matchweek 4,Sun,Away,L,1.0,3.0,FC Tokyo,55.0,23752.0,Hirotaka Mita,4-2-3-1,Masuya Ueda,Match Report,,Yokohama-FC,12,6,0,0
4,2023-03-18,14:00,J1 League,Matchweek 5,Sat,Away,L,1.0,2.0,Marinos,43.0,28478.0,Shoma Doi,4-2-3-1,Ryo Tanimoto,Match Report,,Kashima-Antlers,8,4,0,0
4,2023-03-18,15:00,J1 League,Matchweek 5,Sat,Away,W,1.0,0.0,Sagan Tosu,40.0,12230.0,Hotaru Yamaguchi,4-3-3,Hayato Shimizu,Match Report,,Vissel-Kobe,15,4,0,0
4,2023-03-18,14:00,J1 League,Matchweek 5,Sat,Home,L,1.0,4.0,Kyoto Sanga,60.0,3401.0,Hirotaka Mita,4-2-3-1,Yudai Yamamoto,Match Report,,Yokohama-FC,11,3,0,0
4,2023-03-18,14:00,J1 League,Matchweek 5,Sat,Home,D,0.0,0.0,FC Tokyo,39.0,33139.0,Sho Inagaki,3-4-3,Jumpei Iida,Match Report,,Nagoya-Grampus,7,1,0,0
4,2023-03-18,15:00,J1 League,Matchweek 5,Sat,Home,W,2.0,1.0,Albirex Niigata,48.0,15167.0,Hiroki Sakai,4-2-3-1,Koichiro Fukushima,Match Report,,Urawa-Red-Diamonds,10,4,0,0
4,2023-03-18,14:00,J1 League,Matchweek 5,Sat,Away,W,4.0,1.0,Yokohama FC,40.0,3401.0,Sota Kawasaki,4-3-3,Yudai Yamamoto,Match Report,,Kyoto-Sanga,14,6,0,0
4,2023-03-18,14:00,J1 League,Matchweek 5,Sat,Home,W,2.0,1.0,Kashima Antlers,57.0,28478.0,Takuya Kida,4-3-3,Ryo Tanimoto,Match Report,,Yokohama-F-Marinos,11,5,0,0
4,2023-03-18,15:00,J1 League,Matchweek 5,Sat,Away,L,1.0,2.0,Urawa Reds,52.0,15167.0,Michael Fitzgerald,4-2-3-1,Koichiro Fukushima,Match Report,,Albirex-Niigata,8,2,0,0
4,2023-03-18,15:00,J1 League,Matchweek 5,Sat,Home,L,0.0,1.0,Vissel Kobe,60.0,12230.0,Yuji Ono,4-2-3-1,Hayato Shimizu,Match Report,,Sagan-Tosu,2,0,0,0
4,2023-03-18,15:00,J1 League,Matchweek 5,Sat,Home,D,2.0,2.0,Consa Sapporo,50.0,18550.0,Masaaki Higashiguchi,4-3-3,Thomas Bramall,Match Report,,Gamba-Osaka,13,5,0,0
4,2023-03-18,14:00,J1 League,Matchweek 5,Sat,Away,D,0.0,0.0,Grampus,61.0,33139.0,Masato Morishige,3-4-3,Jumpei Iida,Match Report,,FC-Tokyo,7,0,0,0
4,2023-03-18,15:00,J1 League,Matchweek 5,Sat,Away,D,2.0,2.0,Gamba Osaka,50.0,18550.0,Gu Sung-yun,3-4-1-2,Thomas Bramall,Match Report,,Hokkaido-Consadole-Sapporo,10,4,0,0
4,2023-03-18,16:00,J1 League,Matchweek 5,Sat,Home,D,0.0,0.0,Cerezo Osaka,64.0,19054.0,Kento Tachibanada,4-3-3,Takuto Okabe,Match Report,,Kawasaki-Frontale,8,3,0,0
4,2023-03-18,16:00,J1 League,Matchweek 5,Sat,Away,D,0.0,0.0,Kawa Frontale,36.0,19054.0,Tokuma Suzuki,4-4-2,Takuto Okabe,Match Report,,Cerezo-Osaka,10,2,0,0
4,2023-03-19,14:00,J1 League,Matchweek 5,Sun,Home,W,1.0,0.0,Kashiwa Reysol,62.0,15749.0,Sho Sasaki,3-4-3,Shū Kawamata,Match Report,,Sanfrecce-Hiroshima,11,5,0,0
4,2023-03-19,14:00,J1 League,Matchweek 5,Sun,Away,L,0.0,1.0,Sanfrecce,38.0,15749.0,Taiyo Koga,3-4-3,Shū Kawamata,Match Report,,Kashiwa-Reysol,4,2,0,0
4,2023-03-19,14:00,J1 League,Matchweek 5,Sun,Home,W,2.0,1.0,Shonan Bellmare,40.0,6455.0,Tatsuki Nara,3-4-3,Akihiko Ikeuchi,Match Report,,Avispa-Fukuoka,14,5,0,0
4,2023-03-19,14:00,J1 League,Matchweek 5,Sun,Away,L,1.0,2.0,Avispa Fukuoka,60.0,6455.0,Kazuki Oiwa,3-1-4-2,Akihiko Ikeuchi,Match Report,,Shonan-Bellmare,5,2,0,0
5,2023-03-31,19:00,J1 League,Matchweek 6,Fri,Away,W,3.0,0.0,Kashiwa Reysol,61.0,11620.0,Hiroki Sakai,4-2-3-1,Thomas Bramall,Match Report,,Urawa-Red-Diamonds,10,5,0,0
5,2023-03-31,19:00,J1 League,Matchweek 6,Fri,Home,L,0.0,3.0,Urawa Reds,39.0,11620.0,Taiyo Koga,3-1-4-2,Thomas Bramall,Match Report,,Kashiwa-Reysol,9,3,0,0
5,2023-04-01,19:00,J1 League,Matchweek 6,Sat,Away,W,4.0,3.0,Consa Sapporo,44.0,14654.0,Kento Tachibanada,4-2-3-1,Yudai Yamamoto,Match Report,,Kawasaki-Frontale,13,6,0,0
5,2023-04-01,14:00,J1 League,Matchweek 6,Sat,Home,L,0.0,3.0,Vissel Kobe,49.0,16495.0,Sota Kawasaki,4-3-3,Futoshi Nakamura,Match Report,,Kyoto-Sanga,14,2,0,0
5,2023-04-01,16:00,J1 League,Matchweek 6,Sat,Away,L,1.0,2.0,Cerezo Osaka,66.0,18955.0,Takuya Kida,4-2-3-1,Jumpei Iida,Match Report,,Yokohama-F-Marinos,14,3,0,0
5,2023-04-01,15:00,J1 League,Matchweek 6,Sat,Away,W,2.0,1.0,Kashima Antlers,45.0,15414.0,Sho Sasaki,3-4-3,Koichiro Fukushima,Match Report,,Sanfrecce-Hiroshima,8,3,1,1
5,2023-04-01,15:00,J1 League,Matchweek 6,Sat,Home,L,1.0,2.0,Sanfrecce,55.0,15414.0,Shoma Doi,4-2-3-1,Koichiro Fukushima,Match Report,,Kashima-Antlers,10,4,0,0
5,2023-04-01,14:00,J1 League,Matchweek 6,Sat,Home,L,1.0,3.0,Grampus,52.0,18428.0,Yuto Horigome,4-2-3-1,Yoshirō Imamura,Match Report,,Albirex-Niigata,12,6,0,0
5,2023-04-01,14:00,J1 League,Matchweek 6,Sat,Home,D,1.0,1.0,Avispa Fukuoka,60.0,4876.0,Hirotaka Mita,4-2-3-1,Hiroki Kasahara,Match Report,,Yokohama-FC,6,4,1,1
5,2023-04-01,15:00,J1 League,Matchweek 6,Sat,Home,W,1.0,0.0,FC Tokyo,46.0,8548.0,Park Iru-gyu,4-2-3-1,Ryo Tanimoto,Match Report,,Sagan-Tosu,9,3,0,0
5,2023-04-01,15:00,J1 League,Matchweek 6,Sat,Away,L,1.0,4.0,Shonan Bellmare,55.0,11966.0,Yuki Yamamoto,4-3-3,Yoshimi Yamashita,Match Report,,Gamba-Osaka,20,4,0,1
5,2023-04-01,16:00,J1 League,Matchweek 6,Sat,Home,W,2.0,1.0,Marinos,34.0,18955.0,Tokuma Suzuki,4-3-3,Jumpei Iida,Match Report,,Cerezo-Osaka,10,3,0,0
5,2023-04-01,14:00,J1 League,Matchweek 6,Sat,Away,W,3.0,1.0,Albirex Niigata,48.0,18428.0,Sho Inagaki,3-4-3,Yoshirō Imamura,Match Report,,Nagoya-Grampus,25,9,0,0
5,2023-04-01,19:00,J1 League,Matchweek 6,Sat,Home,L,3.0,4.0,Kawa Frontale,56.0,14654.0,Gu Sung-yun,3-4-1-2,Yudai Yamamoto,Match Report,,Hokkaido-Consadole-Sapporo,22,6,0,0
5,2023-04-01,15:00,J1 League,Matchweek 6,Sat,Home,W,4.0,1.0,Gamba Osaka,45.0,11966.0,Kazuki Oiwa,3-1-4-2,Yoshimi Yamashita,Match Report,,Shonan-Bellmare,14,6,0,0
5,2023-04-01,14:00,J1 League,Matchweek 6,Sat,Away,D,1.0,1.0,Yokohama FC,40.0,4876.0,Tatsuki Nara,3-4-3,Hiroki Kasahara,Match Report,,Avispa-Fukuoka,9,5,1,1
5,2023-04-01,14:00,J1 League,Matchweek 6,Sat,Away,W,3.0,0.0,Kyoto Sanga,51.0,16495.0,Hotaru Yamaguchi,4-3-3,Futoshi Nakamura,Match Report,,Vissel-Kobe,11,5,0,0
5,2023-04-01,15:00,J1 League,Matchweek 6,Sat,Away,L,0.0,1.0,Sagan Tosu,54.0,8548.0,Diego Oliveira,4-3-3,Ryo Tanimoto,Match Report,,FC-Tokyo,5,2,0,0
6,2023-04-08,19:00,J1 League,Matchweek 7,Sat,Home,W,5.0,0.0,Yokohama FC,56.0,25238.0,Takuya Kida,4-2-3-1,Hiroyuki Kimura,Match Report,,Yokohama-F-Marinos,15,8,0,0
6,2023-04-08,19:00,J1 League,Matchweek 7,Sat,Away,L,0.0,5.0,Marinos,44.0,25238.0,Hirotaka Mita,4-2-3-1,Hiroyuki Kimura,Match Report,,Yokohama-FC,16,5,0,0
6,2023-04-09,14:00,J1 League,Matchweek 7,Sun,Away,D,0.0,0.0,Vissel Kobe,60.0,17391.0,Ryosuke Kojima,4-2-3-1,Hiroki Kasahara,Match Report,,Albirex-Niigata,11,0,0,0
6,2023-04-09,15:00,J1 League,Matchweek 7,Sun,Home,D,2.0,2.0,Shonan Bellmare,44.0,20949.0,Diego Oliveira,4-3-3,Kōei Koya,Match Report,,FC-Tokyo,11,7,0,0
6,2023-04-09,15:00,J1 League,Matchweek 7,Sun,Away,D,0.0,0.0,Grampus,53.0,22655.0,Hiroki Sakai,4-2-3-1,Yuichi Nishimura,Match Report,,Urawa-Red-Diamonds,8,2,0,0
6,2023-04-09,15:00,J1 League,Matchweek 7,Sun,Home,W,2.0,1.0,Kyoto Sanga,51.0,6341.0,Tatsuki Nara,4-4-2,Koichiro Fukushima,Match Report,,Avispa-Fukuoka,14,4,1,1
6,2023-04-09,15:00,J1 League,Matchweek 7,Sun,Home,D,0.0,0.0,Urawa Reds,47.0,22655.0,Sho Inagaki,3-4-3,Yuichi Nishimura,Match Report,,Nagoya-Grampus,14,4,0,0
6,2023-04-09,14:00,J1 League,Matchweek 7,Sun,Away,L,0.0,1.0,Sanfrecce,49.0,13681.0,Park Iru-gyu,4-2-3-1,Takuto Okabe,Match Report,,Sagan-Tosu,3,1,0,0
6,2023-04-09,15:00,J1 League,Matchweek 7,Sun,Away,L,1.0,2.0,Avispa Fukuoka,50.0,6341.0,Sota Kawasaki,4-3-3,Koichiro Fukushima,Match Report,,Kyoto-Sanga,9,4,0,0
6,2023-04-09,15:00,J1 League,Matchweek 7,Sun,Away,L,0.0,2.0,Gamba Osaka,57.0,20734.0,Kento Tachibanada,4-2-3-1,Jumpei Iida,Match Report,,Kawasaki-Frontale,5,0,0,0
6,2023-04-09,14:00,J1 League,Matchweek 7,Sun,Away,W,3.0,2.0,Cerezo Osaka,41.0,11952.0,Takuma Arano,3-4-3,Hayato Shimizu,Match Report,,Hokkaido-Consadole-Sapporo,11,6,0,0
6,2023-04-09,14:00,J1 League,Matchweek 7,Sun,Home,W,1.0,0.0,Sagan Tosu,51.0,13681.0,Sho Sasaki,3-4-3,Takuto Okabe,Match Report,,Sanfrecce-Hiroshima,17,9,0,0
6,2023-04-09,15:00,J1 League,Matchweek 7,Sun,Home,W,2.0,0.0,Kawa Frontale,43.0,20734.0,Kwon Kyung-won,4-3-3,Jumpei Iida,Match Report,,Gamba-Osaka,13,8,0,0
6,2023-04-09,14:00,J1 League,Matchweek 7,Sun,Home,L,2.0,3.0,Consa Sapporo,59.0,11952.0,Tokuma Suzuki,4-3-3,Hayato Shimizu,Match Report,,Cerezo-Osaka,11,4,1,1
6,2023-04-09,19:00,J1 League,Matchweek 7,Sun,Home,W,1.0,0.0,Kashima Antlers,38.0,11421.0,Taiyo Koga,4-4-2,Futoshi Nakamura,Match Report,,Kashiwa-Reysol,6,1,0,0
6,2023-04-09,14:00,J1 League,Matchweek 7,Sun,Home,D,0.0,0.0,Albirex Niigata,40.0,17391.0,Hotaru Yamaguchi,4-3-3,Hiroki Kasahara,Match Report,,Vissel-Kobe,11,4,0,0
6,2023-04-09,19:00,J1 League,Matchweek 7,Sun,Away,L,0.0,1.0,Kashiwa Reysol,62.0,11421.0,Shoma Doi,4-4-2,Futoshi Nakamura,Match Report,,Kashima-Antlers,11,2,0,0
6,2023-04-09,15:00,J1 League,Matchweek 7,Sun,Away,D,2.0,2.0,FC Tokyo,56.0,20949.0,Kazuki Oiwa,3-1-4-2,Kōei Koya,Match Report,,Shonan-Bellmare,18,9,0,0
7,2023-04-15,16:00,J1 League,Matchweek 8,Sat,Home,L,1.0,2.0,Cerezo Osaka,55.0,16939.0,Masato Morishige,4-3-3,Yoshimi Yamashita,Match Report,,FC-Tokyo,9,2,0,0
7,2023-04-15,14:00,J1 League,Matchweek 8,Sat,Away,W,3.0,0.0,Yokohama FC,49.0,3935.0,Sho Sasaki,3-4-3,Yudai Yamamoto,Match Report,,Sanfrecce-Hiroshima,32,12,0,0
7,2023-04-15,16:00,J1 League,Matchweek 8,Sat,Home,L,1.0,5.0,Vissel Kobe,51.0,15311.0,Yuma Suzuki,4-2-3-1,Akihiko Ikeuchi,Match Report,,Kashima-Antlers,8,1,0,0
7,2023-04-15,15:00,J1 League,Matchweek 8,Sat,Home,W,4.0,1.0,Consa Sapporo,62.0,38574.0,Ken Iwao,4-2-3-1,Takafumi Mikuriya,Match Report,,Urawa-Red-Diamonds,13,4,1,1
7,2023-04-15,16:00,J1 League,Matchweek 8,Sat,Home,W,2.0,1.0,Gamba Osaka,36.0,13463.0,Sota Kawasaki,4-3-3,Hayato Shimizu,Match Report,,Kyoto-Sanga,14,5,0,0
7,2023-04-15,15:00,J1 League,Matchweek 8,Sat,Away,D,1.0,1.0,Shonan Bellmare,59.0,9355.0,Takuya Kida,4-2-3-1,Masuya Ueda,Match Report,,Yokohama-F-Marinos,16,9,0,0
7,2023-04-15,15:00,J1 League,Matchweek 8,Sat,Away,W,2.0,1.0,Kawa Frontale,30.0,17304.0,Sho Inagaki,3-4-3,Koichiro Fukushima,Match Report,,Nagoya-Grampus,8,5,0,0
7,2023-04-15,14:00,J1 League,Matchweek 8,Sat,Away,L,2.0,3.0,Albirex Niigata,32.0,16692.0,Tatsuki Nara,4-4-2,Ryo Tanimoto,Match Report,,Avispa-Fukuoka,9,3,1,1
7,2023-04-15,16:00,J1 League,Matchweek 8,Sat,Away,W,5.0,1.0,Kashima Antlers,49.0,15311.0,Hotaru Yamaguchi,4-3-3,Akihiko Ikeuchi,Match Report,,Vissel-Kobe,17,9,1,1
7,2023-04-15,15:00,J1 League,Matchweek 8,Sat,Home,D,1.0,1.0,Kashiwa Reysol,52.0,6418.0,Park Iru-gyu,4-2-3-1,Yoshirō Imamura,Match Report,,Sagan-Tosu,9,4,0,0
7,2023-04-15,15:00,J1 League,Matchweek 8,Sat,Away,D,1.0,1.0,Sagan Tosu,48.0,6418.0,Taiyo Koga,4-4-2,Yoshirō Imamura,Match Report,,Kashiwa-Reysol,26,9,0,0
7,2023-04-15,15:00,J1 League,Matchweek 8,Sat,Home,L,1.0,2.0,Grampus,70.0,17304.0,Kento Tachibanada,4-2-3-1,Koichiro Fukushima,Match Report,,Kawasaki-Frontale,11,4,0,0
7,2023-04-15,16:00,J1 League,Matchweek 8,Sat,Away,W,2.0,1.0,FC Tokyo,45.0,16939.0,Shinji Kagawa,4-2-3-1,Yoshimi Yamashita,Match Report,,Cerezo-Osaka,14,4,0,0
7,2023-04-15,15:00,J1 League,Matchweek 8,Sat,Away,L,1.0,4.0,Urawa Reds,38.0,38574.0,Takuma Arano,3-4-3,Takafumi Mikuriya,Match Report,,Hokkaido-Consadole-Sapporo,7,1,0,0
7,2023-04-15,16:00,J1 League,Matchweek 8,Sat,Away,L,1.0,2.0,Kyoto Sanga,65.0,13463.0,Kwon Kyung-won,4-3-3,Hayato Shimizu,Match Report,,Gamba-Osaka,11,3,0,0
7,2023-04-15,14:00,J1 League,Matchweek 8,Sat,Home,L,0.0,3.0,Sanfrecce,51.0,3935.0,Hirotaka Mita,4-2-3-1,Yudai Yamamoto,Match Report,,Yokohama-FC,7,4,0,0
7,2023-04-15,14:00,J1 League,Matchweek 8,Sat,Home,W,3.0,2.0,Avispa Fukuoka,68.0,16692.0,Yuto Horigome,4-2-3-1,Ryo Tanimoto,Match Report,,Albirex-Niigata,10,5,0,0
7,2023-04-15,15:00,J1 League,Matchweek 8,Sat,Home,D,1.0,1.0,Marinos,41.0,9355.0,Kazuki Oiwa,3-1-4-2,Masuya Ueda,Match Report,,Shonan-Bellmare,14,4,0,0
8,2023-04-22,19:00,J1 League,Matchweek 9,Sat,Away,W,3.0,2.0,Vissel Kobe,59.0,22164.0,Takuya Kida,4-2-3-1,Yoshirō Imamura,Match Report,,Yokohama-F-Marinos,13,4,0,0
8,2023-04-22,14:00,J1 League,Matchweek 9,Sat,Away,W,2.0,1.0,Sanfrecce,40.0,13801.0,Masato Morishige,4-2-3-1,Hiroki Kasahara,Match Report,,FC-Tokyo,3,3,0,0
8,2023-04-22,19:00,J1 League,Matchweek 9,Sat,Home,L,2.0,3.0,Marinos,41.0,22164.0,Hotaru Yamaguchi,4-3-3,Yoshirō Imamura,Match Report,,Vissel-Kobe,14,7,0,0
8,2023-04-22,14:00,J1 League,Matchweek 9,Sat,Home,L,1.0,2.0,FC Tokyo,60.0,13801.0,Sho Sasaki,3-4-3,Hiroki Kasahara,Match Report,,Sanfrecce-Hiroshima,12,3,0,0
8,2023-04-23,15:00,J1 League,Matchweek 9,Sun,Away,D,2.0,2.0,Grampus,65.0,17243.0,Kazuki Oiwa,3-1-4-2,Takuto Okabe,Match Report,,Shonan-Bellmare,13,5,1,1
8,2023-04-23,16:00,J1 League,Matchweek 9,Sun,Away,D,1.0,1.0,Gamba Osaka,33.0,14577.0,Hirotaka Mita,4-2-3-1,Futoshi Nakamura,Match Report,,Yokohama-FC,11,5,0,0
8,2023-04-23,16:00,J1 League,Matchweek 9,Sun,Home,D,1.0,1.0,Yokohama FC,67.0,14577.0,Takashi Usami,4-3-3,Futoshi Nakamura,Match Report,,Gamba-Osaka,30,9,0,0
8,2023-04-23,14:00,J1 League,Matchweek 9,Sun,Home,W,1.0,0.0,Kashiwa Reysol,42.0,10673.0,Kim Jin-hyeon,4-3-3,Masuya Ueda,Match Report,,Cerezo-Osaka,10,2,0,0
8,2023-04-23,16:00,J1 League,Matchweek 9,Sun,Home,D,1.0,1.0,Urawa Reds,39.0,22304.0,Yasuto Wakizaka,4-2-3-1,Ryo Tanimoto,Match Report,,Kawasaki-Frontale,8,2,0,0
8,2023-04-23,14:00,J1 League,Matchweek 9,Sun,Away,W,2.0,0.0,Albirex Niigata,31.0,23920.0,Yuma Suzuki,4-4-2,Yudai Yamamoto,Match Report,,Kashima-Antlers,11,4,0,0
8,2023-04-23,14:00,J1 League,Matchweek 9,Sun,Away,D,2.0,2.0,Consa Sapporo,40.0,12495.0,Tatsuki Nara,3-4-3,Hiroyuki Kimura,Match Report,,Avispa-Fukuoka,8,2,1,1
8,2023-04-23,14:00,J1 League,Matchweek 9,Sun,Away,L,0.0,1.0,Cerezo Osaka,58.0,10673.0,Taiyo Koga,4-4-2,Masuya Ueda,Match Report,,Kashiwa-Reysol,9,2,0,0
8,2023-04-23,14:00,J1 League,Matchweek 9,Sun,Home,D,2.0,2.0,Avispa Fukuoka,60.0,12495.0,Takuma Arano,3-4-3,Hiroyuki Kimura,Match Report,,Hokkaido-Consadole-Sapporo,13,2,0,0
8,2023-04-23,14:00,J1 League,Matchweek 9,Sun,Home,L,2.0,3.0,Sagan Tosu,49.0,8138.0,Sota Kawasaki,4-3-3,Akihiko Ikeuchi,Match Report,,Kyoto-Sanga,16,6,1,1
8,2023-04-23,14:00,J1 League,Matchweek 9,Sun,Away,W,3.0,2.0,Kyoto Sanga,51.0,8138.0,Yuji Ono,4-2-3-1,Akihiko Ikeuchi,Match Report,,Sagan-Tosu,10,4,0,0
8,2023-04-23,15:00,J1 League,Matchweek 9,Sun,Home,D,2.0,2.0,Shonan Bellmare,35.0,17243.0,Sho Inagaki,3-4-3,Takuto Okabe,Match Report,,Nagoya-Grampus,16,8,0,0
8,2023-04-23,16:00,J1 League,Matchweek 9,Sun,Away,D,1.0,1.0,Kawa Frontale,61.0,22304.0,Ken Iwao,4-2-3-1,Ryo Tanimoto,Match Report,,Urawa-Red-Diamonds,14,5,0,0
8,2023-04-23,14:00,J1 League,Matchweek 9,Sun,Home,L,0.0,2.0,Kashima Antlers,69.0,23920.0,Takahiro Ko,4-2-3-1,Yudai Yamamoto,Match Report,,Albirex-Niigata,13,3,0,0
9,2023-04-29,14:00,J1 League,Matchweek 10,Sat,Away,W,1.0,0.0,Cerezo Osaka,56.0,16151.0,Sho Sasaki,3-4-3,Yuichi Nishimura,Match Report,,Sanfrecce-Hiroshima,28,9,0,0
9,2023-04-29,15:00,J1 League,Matchweek 10,Sat,Home,D,1.0,1.0,Grampus,67.0,33048.0,Takuya Kida,4-2-3-1,Yoshimi Yamashita,Match Report,,Yokohama-F-Marinos,8,3,0,0
9,2023-04-29,14:00,J1 League,Matchweek 10,Sat,Away,L,0.0,2.0,Vissel Kobe,55.0,17390.0,Kazuki Oiwa,3-1-4-2,Shū Kawamata,Match Report,,Shonan-Bellmare,12,5,0,0
9,2023-04-29,17:00,J1 League,Matchweek 10,Sat,Home,L,1.0,3.0,Kawa Frontale,41.0,9053.0,Tatsuki Nara,4-4-2,Yudai Yamamoto,Match Report,,Avispa-Fukuoka,11,3,0,0
9,2023-04-29,15:00,J1 League,Matchweek 10,Sat,Home,D,1.0,1.0,Kyoto Sanga,50.0,9065.0,Taiyo Koga,4-4-2,Hiroki Kasahara,Match Report,,Kashiwa-Reysol,13,3,0,0
9,2023-04-29,14:00,J1 League,Matchweek 10,Sat,Home,W,2.0,0.0,Shonan Bellmare,45.0,17390.0,Hotaru Yamaguchi,4-2-3-1,Shū Kawamata,Match Report,,Vissel-Kobe,16,8,0,0
9,2023-04-29,15:00,J1 League,Matchweek 10,Sat,Away,D,1.0,1.0,Marinos,33.0,33048.0,Sho Inagaki,3-4-3,Yoshimi Yamashita,Match Report,,Nagoya-Grampus,17,5,0,0
9,2023-04-29,14:00,J1 League,Matchweek 10,Sat,Home,L,1.0,4.0,Consa Sapporo,47.0,7634.0,Hirotaka Mita,4-4-2,Ryo Tanimoto,Match Report,,Yokohama-FC,12,5,0,0
9,2023-04-29,14:00,J1 League,Matchweek 10,Sat,Away,W,4.0,1.0,Yokohama FC,53.0,7634.0,Takuma Arano,3-4-3,Ryo Tanimoto,Match Report,,Hokkaido-Consadole-Sapporo,16,6,0,0
9,2023-04-29,17:00,J1 League,Matchweek 10,Sat,Away,W,3.0,1.0,Avispa Fukuoka,59.0,9053.0,Yasuto Wakizaka,4-2-3-1,Yudai Yamamoto,Match Report,,Kawasaki-Frontale,11,4,0,0
9,2023-04-29,14:00,J1 League,Matchweek 10,Sat,Home,L,0.0,1.0,Sanfrecce,44.0,16151.0,Kim Jin-hyeon,4-3-3,Yuichi Nishimura,Match Report,,Cerezo-Osaka,7,3,0,0
9,2023-04-29,15:00,J1 League,Matchweek 10,Sat,Away,L,1.0,2.0,FC Tokyo,59.0,32181.0,Yuto Horigome,4-2-3-1,Hayato Shimizu,Match Report,,Albirex-Niigata,9,3,0,0
9,2023-04-29,15:00,J1 League,Matchweek 10,Sat,Away,D,1.0,1.0,Kashiwa Reysol,51.0,9065.0,Ryogo Yamasaki,4-3-3,Hiroki Kasahara,Match Report,,Kyoto-Sanga,8,3,0,0
9,2023-04-29,19:00,J1 League,Matchweek 10,Sat,Away,L,0.0,4.0,Kashima Antlers,63.0,20525.0,Takashi Usami,4-3-3,Yoshirō Imamura,Match Report,,Gamba-Osaka,9,1,0,0
9,2023-04-29,19:00,J1 League,Matchweek 10,Sat,Home,W,4.0,0.0,Gamba Osaka,37.0,20525.0,Yuma Suzuki,4-4-2,Yoshirō Imamura,Match Report,,Kashima-Antlers,13,7,0,0
9,2023-04-29,15:00,J1 League,Matchweek 10,Sat,Home,W,2.0,1.0,Albirex Niigata,41.0,32181.0,Masato Morishige,4-2-3-1,Hayato Shimizu,Match Report,,FC-Tokyo,8,5,0,1
10,2023-05-03,15:00,J1 League,Matchweek 11,Wed,Home,L,1.0,2.0,Kashiwa Reysol,59.0,12342.0,Kazuki Oiwa,3-1-4-2,Koichiro Fukushima,Match Report,,Shonan-Bellmare,11,1,0,0
10,2023-05-03,14:00,J1 League,Matchweek 11,Wed,Away,W,2.0,1.0,Gamba Osaka,38.0,34517.0,Kim Jin-hyeon,4-3-3,Ryo Tanimoto,Match Report,,Cerezo-Osaka,8,6,0,0
10,2023-05-03,15:00,J1 League,Matchweek 11,Wed,Away,W,2.0,1.0,Shonan Bellmare,41.0,12342.0,Taiyo Koga,4-4-2,Koichiro Fukushima,Match Report,,Kashiwa-Reysol,6,4,0,0
10,2023-05-03,15:00,J1 League,Matchweek 11,Wed,Away,L,0.0,1.0,Avispa Fukuoka,63.0,10360.0,Diego Oliveira,4-2-3-1,Kōei Koya,Match Report,,FC-Tokyo,2,0,0,0
10,2023-05-03,14:00,J1 League,Matchweek 11,Wed,Home,L,0.0,1.0,Kashima Antlers,64.0,19038.0,Akito Fukumori,3-4-1-2,Takuto Okabe,Match Report,,Hokkaido-Consadole-Sapporo,12,0,0,0
10,2023-05-03,15:00,J1 League,Matchweek 11,Wed,Home,D,2.0,2.0,Vissel Kobe,56.0,40789.0,Sho Inagaki,3-4-3,Yūsuke Araki,Match Report,,Nagoya-Grampus,12,5,0,0
10,2023-05-03,15:00,J1 League,Matchweek 11,Wed,Home,W,1.0,0.0,FC Tokyo,37.0,10360.0,Tatsuki Nara,4-4-2,Kōei Koya,Match Report,,Avispa-Fukuoka,16,5,0,0
10,2023-05-03,15:00,J1 League,Matchweek 11,Wed,Away,W,3.0,1.0,Sagan Tosu,50.0,11354.0,Takuya Kida,4-3-3,Hayato Shimizu,Match Report,,Yokohama-F-Marinos,14,4,0,0
10,2023-05-03,14:00,J1 League,Matchweek 11,Wed,Home,L,1.0,2.0,Cerezo Osaka,62.0,34517.0,Takashi Usami,4-2-3-1,Ryo Tanimoto,Match Report,,Gamba-Osaka,14,3,0,0
10,2023-05-03,19:03,J1 League,Matchweek 11,Wed,Home,W,1.0,0.0,Albirex Niigata,31.0,10134.0,Katsuya Iwatake,5-3-2,Yoshimi Yamashita,Match Report,,Yokohama-FC,9,4,0,0
10,2023-05-03,19:03,J1 League,Matchweek 11,Wed,Away,L,0.0,1.0,Yokohama FC,70.0,10134.0,Yuzuru Shimada,4-2-3-1,Yoshimi Yamashita,Match Report,,Albirex-Niigata,8,2,0,0
10,2023-05-03,15:00,J1 League,Matchweek 11,Wed,Away,D,2.0,2.0,Grampus,44.0,40789.0,Hotaru Yamaguchi,4-3-3,Yūsuke Araki,Match Report,,Vissel-Kobe,10,4,0,0
10,2023-05-03,14:00,J1 League,Matchweek 11,Wed,Away,W,1.0,0.0,Kyoto Sanga,59.0,15504.0,Yasuto Wakizaka,4-3-3,Yoshirō Imamura,Match Report,,Kawasaki-Frontale,9,3,0,0
10,2023-05-03,14:00,J1 League,Matchweek 11,Wed,Away,W,1.0,0.0,Consa Sapporo,36.0,19038.0,Yuma Suzuki,4-4-2,Takuto Okabe,Match Report,,Kashima-Antlers,8,3,0,0
9,2023-05-03,15:00,J1 League,Matchweek 11,Wed,Home,L,1.0,3.0,Marinos,50.0,11354.0,Yuji Ono,4-2-3-1,Hayato Shimizu,Match Report,,Sagan-Tosu,24,6,0,0
10,2023-05-03,14:00,J1 League,Matchweek 11,Wed,Home,L,0.0,1.0,Kawa Frontale,41.0,15504.0,Sota Kawasaki,4-3-3,Yoshirō Imamura,Match Report,,Kyoto-Sanga,11,0,0,0
11,2023-05-06,14:00,J1 League,Matchweek 12,Sat,Away,L,1.0,5.0,Consa Sapporo,49.0,19080.0,Masato Morishige,4-2-3-1,Yoshimi Yamashita,Match Report,,FC-Tokyo,14,5,0,0
11,2023-05-06,19:00,J1 League,Matchweek 12,Sat,Away,L,0.0,1.0,Grampus,57.0,28613.0,Kwon Kyung-won,4-3-3,Yudai Yamamoto,Match Report,,Gamba-Osaka,9,2,0,0
11,2023-05-06,19:00,J1 League,Matchweek 12,Sat,Home,W,1.0,0.0,Gamba Osaka,43.0,28613.0,Sho Inagaki,3-4-3,Yudai Yamamoto,Match Report,,Nagoya-Grampus,14,2,0,0
11,2023-05-06,14:00,J1 League,Matchweek 12,Sat,Home,W,5.0,1.0,FC Tokyo,51.0,19080.0,Hiroki Miyazawa,3-4-3,Yoshimi Yamashita,Match Report,,Hokkaido-Consadole-Sapporo,20,10,1,1
11,2023-05-07,14:00,J1 League,Matchweek 12,Sun,Away,W,1.0,0.0,Cerezo Osaka,54.0,12676.0,Shoma Doi,4-4-2,Futoshi Nakamura,Match Report,,Kashima-Antlers,9,3,0,0
11,2023-05-07,15:00,J1 League,Matchweek 12,Sun,Home,W,1.0,0.0,Sagan Tosu,54.0,17674.0,Yasuto Wakizaka,4-3-3,Shū Kawamata,Match Report,,Kawasaki-Frontale,19,5,0,0
11,2023-05-07,14:00,J1 League,Matchweek 12,Sun,Home,W,3.0,0.0,Yokohama FC,55.0,20005.0,Hotaru Yamaguchi,4-3-3,Takafumi Mikuriya,Match Report,,Vissel-Kobe,13,7,1,1
11,2023-05-07,14:00,J1 League,Matchweek 12,Sun,Home,L,0.0,1.0,Kashima Antlers,46.0,12676.0,Kim Jin-hyeon,4-3-3,Futoshi Nakamura,Match Report,,Cerezo-Osaka,4,1,0,0
10,2023-05-07,13:00,J1 League,Matchweek 12,Sun,Home,W,3.0,1.0,Avispa Fukuoka,52.0,10415.0,Sho Sasaki,3-1-4-2,Ryo Tanimoto,Match Report,,Sanfrecce-Hiroshima,10,3,0,0
11,2023-05-07,14:00,J1 League,Matchweek 12,Sun,Away,L,1.0,4.0,Marinos,42.0,22160.0,Sota Kawasaki,5-4-1,Masuya Ueda,Match Report,,Kyoto-Sanga,11,2,0,0
11,2023-05-07,14:00,J1 League,Matchweek 12,Sun,Away,L,0.0,3.0,Vissel Kobe,45.0,20005.0,Katsuya Iwatake,3-4-3,Takafumi Mikuriya,Match Report,,Yokohama-FC,9,4,0,0
11,2023-05-07,14:00,J1 League,Matchweek 12,Sun,Home,D,0.0,0.0,Kashiwa Reysol,62.0,17998.0,Yuto Horigome,4-2-3-1,Akihiko Ikeuchi,Match Report,,Albirex-Niigata,17,4,0,0
11,2023-05-07,14:00,J1 League,Matchweek 12,Sun,Home,W,4.0,1.0,Kyoto Sanga,59.0,22160.0,Dudu,4-2-3-1,Masuya Ueda,Match Report,,Yokohama-F-Marinos,14,4,0,0
11,2023-05-07,13:00,J1 League,Matchweek 12,Sun,Away,L,1.0,3.0,Sanfrecce,48.0,10415.0,Tatsuki Nara,4-4-2,Ryo Tanimoto,Match Report,,Avispa-Fukuoka,11,3,0,0
11,2023-05-07,14:00,J1 League,Matchweek 12,Sun,Away,D,0.0,0.0,Albirex Niigata,38.0,17998.0,Taiyo Koga,4-2-3-1,Akihiko Ikeuchi,Match Report,,Kashiwa-Reysol,9,1,0,0
10,2023-05-07,15:00,J1 League,Matchweek 12,Sun,Away,L,0.0,1.0,Kawa Frontale,46.0,17674.0,Park Iru-gyu,4-2-3-1,Shū Kawamata,Match Report,,Sagan-Tosu,8,1,0,0
9,2023-05-10,19:30,J1 League,Matchweek 10,Wed,Home,L,0.0,2.0,Sagan Tosu,54.0,17970.0,Ken Iwao,4-2-3-1,Hiroyuki Kimura,Match Report,,Urawa-Red-Diamonds,12,3,0,0
11,2023-05-10,19:30,J1 League,Matchweek 10,Wed,Away,W,2.0,0.0,Urawa Reds,46.0,17970.0,Naoyuki Fujita,4-4-2,Hiroyuki Kimura,Match Report,,Sagan-Tosu,4,3,0,0
12,2023-05-12,19:30,J1 League,Matchweek 13,Fri,Away,L,1.0,2.0,FC Tokyo,66.0,56705.0,Yasuto Wakizaka,4-3-3,Yuichi Nishimura,Match Report,,Kawasaki-Frontale,9,5,0,0
12,2023-05-12,19:30,J1 League,Matchweek 13,Fri,Home,W,2.0,1.0,Kawa Frontale,34.0,56705.0,Masato Morishige,4-2-3-1,Yuichi Nishimura,Match Report,,FC-Tokyo,10,3,0,0
12,2023-05-13,16:00,J1 League,Matchweek 13,Sat,Away,W,1.0,0.0,Kashiwa Reysol,43.0,8111.0,Katsuya Iwatake,3-4-3,Hayato Shimizu,Match Report,,Yokohama-FC,9,4,1,1
11,2023-05-13,15:00,J1 League,Matchweek 13,Sat,Home,L,2.0,4.0,Consa Sapporo,49.0,7694.0,Kazuki Oiwa,3-1-4-2,Takafumi Mikuriya,Match Report,,Shonan-Bellmare,8,3,1,1
12,2023-05-13,14:00,J1 League,Matchweek 13,Sat,Home,W,2.0,0.0,Sanfrecce,45.0,15741.0,Hotaru Yamaguchi,4-3-3,Futoshi Nakamura,Match Report,,Vissel-Kobe,9,4,0,0
12,2023-05-13,15:00,J1 League,Matchweek 13,Sat,Away,W,4.0,2.0,Shonan Bellmare,51.0,7694.0,Hiroki Miyazawa,3-4-3,Takafumi Mikuriya,Match Report,,Hokkaido-Consadole-Sapporo,13,6,0,0
12,2023-05-13,16:00,J1 League,Matchweek 13,Sat,Home,L,0.0,1.0,Yokohama FC,57.0,8111.0,Taiyo Koga,4-2-3-1,Hayato Shimizu,Match Report,,Kashiwa-Reysol,28,6,0,0
11,2023-05-13,14:00,J1 League,Matchweek 13,Sat,Away,L,0.0,2.0,Vissel Kobe,56.0,15741.0,Sho Sasaki,3-4-3,Futoshi Nakamura,Match Report,,Sanfrecce-Hiroshima,13,4,0,0
12,2023-05-14,13:30,J1 League,Matchweek 13,Sun,Home,W,2.0,1.0,Marinos,47.0,24501.0,Yuto Horigome,4-2-3-1,Koichiro Fukushima,Match Report,,Albirex-Niigata,14,5,0,0
12,2023-05-14,13:30,J1 League,Matchweek 13,Sun,Away,L,1.0,2.0,Albirex Niigata,53.0,24501.0,Shinnosuke Hatanaka,4-2-3-1,Koichiro Fukushima,Match Report,,Yokohama-F-Marinos,12,4,0,0
12,2023-05-14,13:30,J1 League,Matchweek 13,Sun,Home,L,0.0,1.0,Cerezo Osaka,61.0,12917.0,Sota Kawasaki,4-3-3,Takuto Okabe,Match Report,,Kyoto-Sanga,13,2,0,0
12,2023-05-14,16:00,J1 League,Matchweek 13,Sun,Away,L,1.0,3.0,Urawa Reds,36.0,31440.0,Takashi Usami,4-3-3,Akihiko Ikeuchi,Match Report,,Gamba-Osaka,17,5,0,0
12,2023-05-14,13:30,J1 League,Matchweek 13,Sun,Away,D,0.0,0.0,Avispa Fukuoka,53.0,13719.0,Yuji Ono,4-2-3-1,Hiroki Kasahara,Match Report,,Sagan-Tosu,3,1,0,0
12,2023-05-14,13:30,J1 League,Matchweek 13,Sun,Away,W,1.0,0.0,Kyoto Sanga,39.0,12917.0,Kim Jin-hyeon,4-4-2,Takuto Okabe,Match Report,,Cerezo-Osaka,8,2,0,0
10,2023-05-14,16:00,J1 League,Matchweek 13,Sun,Home,W,3.0,1.0,Gamba Osaka,64.0,31440.0,Ken Iwao,4-4-2,Akihiko Ikeuchi,Match Report,,Urawa-Red-Diamonds,16,6,1,1
12,2023-05-14,13:30,J1 League,Matchweek 13,Sun,Home,W,2.0,0.0,Grampus,38.0,56020.0,Yuma Suzuki,4-4-2,Hiroyuki Kimura,Match Report,,Kashima-Antlers,9,3,0,0
12,2023-05-14,13:30,J1 League,Matchweek 13,Sun,Away,L,0.0,2.0,Kashima Antlers,62.0,56020.0,Sho Inagaki,3-4-3,Hiroyuki Kimura,Match Report,,Nagoya-Grampus,11,2,0,0
12,2023-05-14,13:30,J1 League,Matchweek 13,Sun,Home,D,0.0,0.0,Sagan Tosu,47.0,13719.0,Tatsuki Nara,3-4-3,Hiroki Kasahara,Match Report,,Avispa-Fukuoka,19,3,0,0
13,2023-05-19,19:30,J1 League,Matchweek 14,Fri,Home,W,2.0,1.0,Kyoto Sanga,53.0,10289.0,Hiroki Miyazawa,3-4-3,Koichiro Fukushima,Match Report,,Hokkaido-Consadole-Sapporo,11,3,1,1
13,2023-05-19,19:30,J1 League,Matchweek 14,Fri,Away,L,1.0,2.0,Consa Sapporo,48.0,10289.0,Sota Kawasaki,4-3-3,Koichiro Fukushima,Match Report,,Kyoto-Sanga,9,2,0,0
12,2023-05-20,15:00,J1 League,Matchweek 14,Sat,Away,L,1.0,2.0,Grampus,65.0,15506.0,Sho Sasaki,3-4-3,Kōei Koya,Match Report,,Sanfrecce-Hiroshima,20,7,0,0
13,2023-05-20,17:00,J1 League,Matchweek 14,Sat,Away,L,0.0,2.0,Sagan Tosu,64.0,7265.0,Yuto Horigome,4-2-3-1,Yuichi Nishimura,Match Report,,Albirex-Niigata,19,5,0,0
13,2023-05-20,19:00,J1 League,Matchweek 14,Sat,Home,L,0.0,2.0,Marinos,42.0,19823.0,Shu Kurata,4-3-3,Hiroyuki Kimura,Match Report,,Gamba-Osaka,14,4,0,0
12,2023-05-20,15:00,J1 League,Matchweek 14,Sat,Home,L,0.0,2.0,Cerezo Osaka,48.0,10549.0,Daiki Sugioka,3-1-4-2,Yoshirō Imamura,Match Report,,Shonan-Bellmare,8,3,0,0
13,2023-05-20,16:00,J1 League,Matchweek 14,Sat,Away,L,1.0,2.0,Yokohama FC,70.0,10276.0,Kento Tachibanada,4-3-3,Akihiko Ikeuchi,Match Report,,Kawasaki-Frontale,11,4,0,0
11,2023-05-20,13:00,J1 League,Matchweek 14,Sat,Away,D,0.0,0.0,Avispa Fukuoka,59.0,10417.0,Ken Iwao,4-2-3-1,Hayato Shimizu,Match Report,,Urawa-Red-Diamonds,11,4,0,0
13,2023-05-20,19:00,J1 League,Matchweek 14,Sat,Away,W,2.0,0.0,Gamba Osaka,58.0,19823.0,Takuya Kida,4-2-3-1,Hiroyuki Kimura,Match Report,,Yokohama-F-Marinos,10,5,0,0
13,2023-05-20,15:00,J1 League,Matchweek 14,Sat,Home,W,2.0,1.0,Sanfrecce,35.0,15506.0,Sho Inagaki,3-4-3,Kōei Koya,Match Report,,Nagoya-Grampus,8,4,0,0
13,2023-05-20,15:00,J1 League,Matchweek 14,Sat,Away,D,1.0,1.0,Kashima Antlers,49.0,17589.0,Masato Morishige,4-3-3,Ryo Tanimoto,Match Report,,FC-Tokyo,11,3,1,1
13,2023-05-20,16:00,J1 League,Matchweek 14,Sat,Away,D,1.0,1.0,Kashiwa Reysol,43.0,12530.0,Hotaru Yamaguchi,4-3-3,Hajime Matsuo,Match Report,,Vissel-Kobe,3,1,0,0
13,2023-05-20,17:00,J1 League,Matchweek 14,Sat,Home,W,2.0,0.0,Albirex Niigata,36.0,7265.0,Yuji Ono,4-2-3-1,Yuichi Nishimura,Match Report,,Sagan-Tosu,7,3,1,1
13,2023-05-20,16:00,J1 League,Matchweek 14,Sat,Home,W,2.0,1.0,Kawa Frontale,30.0,10276.0,Katsuya Iwatake,3-4-3,Akihiko Ikeuchi,Match Report,,Yokohama-FC,7,2,0,0
13,2023-05-20,16:00,J1 League,Matchweek 14,Sat,Home,D,1.0,1.0,Vissel Kobe,57.0,12530.0,Taiyo Koga,4-2-3-1,Hajime Matsuo,Match Report,,Kashiwa-Reysol,12,0,0,0
13,2023-05-20,13:00,J1 League,Matchweek 14,Sat,Home,D,0.0,0.0,Urawa Reds,41.0,10417.0,Tatsuki Nara,4-4-2,Hayato Shimizu,Match Report,,Avispa-Fukuoka,12,4,0,0
13,2023-05-20,15:00,J1 League,Matchweek 14,Sat,Away,W,2.0,0.0,Shonan Bellmare,53.0,10549.0,Kim Jin-hyeon,4-4-2,Yoshirō Imamura,Match Report,,Cerezo-Osaka,10,3,0,0
13,2023-05-20,15:00,J1 League,Matchweek 14,Sat,Home,D,1.0,1.0,FC Tokyo,51.0,17589.0,Yuma Suzuki,4-4-2,Ryo Tanimoto,Match Report,,Kashima-Antlers,7,4,0,0
14,2023-05-27,13:00,J1 League,Matchweek 15,Sat,Away,W,2.0,1.0,Consa Sapporo,29.0,11711.0,Sho Inagaki,3-4-3,Akihiko Ikeuchi,Match Report,,Nagoya-Grampus,4,2,0,0
14,2023-05-27,17:00,J1 League,Matchweek 15,Sat,Away,D,2.0,2.0,Sagan Tosu,47.0,9272.0,Yuma Suzuki,4-4-2,Yudai Yamamoto,Match Report,,Kashima-Antlers,11,5,0,0
14,2023-05-27,19:00,J1 League,Matchweek 15,Sat,Home,L,0.0,2.0,Urawa Reds,54.0,15229.0,Sota Kawasaki,4-3-3,Takafumi Mikuriya,Match Report,,Kyoto-Sanga,17,5,0,0
14,2023-05-27,13:00,J1 League,Matchweek 15,Sat,Home,L,1.0,2.0,Grampus,71.0,11711.0,Hiroki Miyazawa,3-4-3,Akihiko Ikeuchi,Match Report,,Hokkaido-Consadole-Sapporo,15,5,0,0
12,2023-05-27,19:00,J1 League,Matchweek 15,Sat,Away,W,2.0,0.0,Kyoto Sanga,46.0,15229.0,Hiroki Sakai,4-2-3-1,Takafumi Mikuriya,Match Report,,Urawa-Red-Diamonds,13,3,0,0
14,2023-05-27,14:00,J1 League,Matchweek 15,Sat,Home,W,3.0,2.0,FC Tokyo,50.0,20414.0,Hotaru Yamaguchi,4-3-3,Hiroki Kasahara,Match Report,,Vissel-Kobe,10,6,0,0
13,2023-05-27,14:00,J1 League,Matchweek 15,Sat,Away,L,0.0,1.0,Sanfrecce,43.0,11916.0,Kazuki Oiwa,3-1-4-2,Hajime Matsuo,Match Report,,Shonan-Bellmare,5,2,0,0
14,2023-05-27,14:00,J1 League,Matchweek 15,Sat,Away,L,2.0,3.0,Vissel Kobe,50.0,20414.0,Masato Morishige,4-3-3,Hiroki Kasahara,Match Report,,FC-Tokyo,13,2,2,2
13,2023-05-27,14:00,J1 League,Matchweek 15,Sat,Home,W,1.0,0.0,Shonan Bellmare,57.0,11916.0,Sho Sasaki,3-4-3,Hajime Matsuo,Match Report,,Sanfrecce-Hiroshima,23,7,1,1
14,2023-05-27,17:00,J1 League,Matchweek 15,Sat,Home,D,2.0,2.0,Kashima Antlers,53.0,9272.0,Yuji Ono,4-2-3-1,Yudai Yamamoto,Match Report,,Sagan-Tosu,12,2,0,0
14,2023-05-28,14:00,J1 League,Matchweek 15,Sun,Away,W,3.0,1.0,Albirex Niigata,28.0,21860.0,Yuki Yamamoto,4-3-3,Masuya Ueda,Match Report,,Gamba-Osaka,9,4,0,0
14,2023-05-28,14:00,J1 League,Matchweek 15,Sun,Home,W,2.0,0.0,Yokohama FC,58.0,14304.0,Kim Jin-hyeon,4-3-3,Jumpei Iida,Match Report,,Cerezo-Osaka,18,6,0,0
14,2023-05-28,14:00,J1 League,Matchweek 15,Sun,Home,L,1.0,3.0,Gamba Osaka,72.0,21860.0,Yuto Horigome,4-2-3-1,Masuya Ueda,Match Report,,Albirex-Niigata,21,8,0,0
14,2023-05-28,14:00,J1 League,Matchweek 15,Sun,Away,L,0.0,2.0,Marinos,32.0,26115.0,Tatsuki Nara,3-4-3,Yoshimi Yamashita,Match Report,,Avispa-Fukuoka,12,2,0,0
14,2023-05-28,17:00,J1 League,Matchweek 15,Sun,Away,L,0.0,2.0,Kawa Frontale,35.0,20207.0,Sachiro Toshima,4-2-3-1,Futoshi Nakamura,Match Report,,Kashiwa-Reysol,7,3,0,0
14,2023-05-28,17:00,J1 League,Matchweek 15,Sun,Home,W,2.0,0.0,Kashiwa Reysol,65.0,20207.0,Kyohei Noborizato,4-3-3,Futoshi Nakamura,Match Report,,Kawasaki-Frontale,21,8,0,0
14,2023-05-28,14:00,J1 League,Matchweek 15,Sun,Home,W,2.0,0.0,Avispa Fukuoka,68.0,26115.0,Takuya Kida,4-2-3-1,Yoshimi Yamashita,Match Report,,Yokohama-F-Marinos,18,8,0,0
14,2023-05-28,14:00,J1 League,Matchweek 15,Sun,Away,L,0.0,2.0,Cerezo Osaka,42.0,14304.0,Katsuya Iwatake,3-4-3,Jumpei Iida,Match Report,,Yokohama-FC,6,3,0,0
14,2023-05-31,19:30,J1 League,Matchweek 11,Wed,Away,L,1.0,2.0,Urawa Reds,45.0,20266.0,Sho Sasaki,3-4-3,Jumpei Iida,Match Report,,Sanfrecce-Hiroshima,10,4,0,0
13,2023-05-31,19:30,J1 League,Matchweek 11,Wed,Home,W,2.0,1.0,Sanfrecce,55.0,20266.0,Hiroki Sakai,4-2-3-1,Jumpei Iida,Match Report,,Urawa-Red-Diamonds,15,6,0,0
15,2023-06-03,15:00,J1 League,Matchweek 16,Sat,Away,D,2.0,2.0,Shonan Bellmare,56.0,10227.0,Takahiro Ko,4-2-3-1,Yoshimi Yamashita,Match Report,,Albirex-Niigata,14,7,0,0
15,2023-06-03,16:00,J1 League,Matchweek 16,Sat,Away,L,1.0,3.0,Grampus,66.0,22912.0,Kim Jin-hyeon,4-4-2,Yudai Yamamoto,Match Report,,Cerezo-Osaka,13,3,0,0
15,2023-06-03,18:30,J1 League,Matchweek 16,Sat,Home,L,1.0,2.0,Sagan Tosu,37.0,7158.0,Katsuya Iwatake,3-4-3,Kōei Koya,Match Report,,Yokohama-FC,6,2,0,0
15,2023-06-03,19:00,J1 League,Matchweek 16,Sat,Home,L,4.0,5.0,Consa Sapporo,41.0,9769.0,Taiyo Koga,4-2-3-1,Hiroki Kasahara,Match Report,,Kashiwa-Reysol,14,7,0,0
14,2023-06-03,15:00,J1 League,Matchweek 16,Sat,Home,D,2.0,2.0,Albirex Niigata,44.0,10227.0,Kazuki Oiwa,3-1-4-2,Yoshimi Yamashita,Match Report,,Shonan-Bellmare,11,5,1,1
15,2023-06-03,19:00,J1 League,Matchweek 16,Sat,Away,W,5.0,4.0,Kashiwa Reysol,59.0,9769.0,Takuma Arano,3-4-3,Hiroki Kasahara,Match Report,,Hokkaido-Consadole-Sapporo,25,12,0,0
15,2023-06-03,18:00,J1 League,Matchweek 16,Sat,Home,L,1.0,2.0,Gamba Osaka,48.0,9336.0,Tatsuki Nara,4-4-2,Koichiro Fukushima,Match Report,,Avispa-Fukuoka,16,3,0,0
15,2023-06-03,15:00,J1 League,Matchweek 16,Sat,Away,W,3.0,2.0,FC Tokyo,62.0,28553.0,Takuya Kida,4-2-3-1,Hayato Shimizu,Match Report,,Yokohama-F-Marinos,16,7,0,0
15,2023-06-03,15:00,J1 League,Matchweek 16,Sat,Home,L,2.0,3.0,Marinos,38.0,28553.0,Masato Morishige,4-3-3,Hayato Shimizu,Match Report,,FC-Tokyo,21,6,0,0
15,2023-06-03,18:30,J1 League,Matchweek 16,Sat,Away,W,2.0,1.0,Yokohama FC,63.0,7158.0,Yuji Ono,4-3-3,Kōei Koya,Match Report,,Sagan-Tosu,12,4,0,0
15,2023-06-03,16:00,J1 League,Matchweek 16,Sat,Home,W,3.0,1.0,Cerezo Osaka,34.0,22912.0,Sho Inagaki,3-4-3,Yudai Yamamoto,Match Report,,Nagoya-Grampus,11,7,0,0
15,2023-06-03,18:00,J1 League,Matchweek 16,Sat,Away,W,2.0,1.0,Avispa Fukuoka,52.0,9336.0,Yuki Yamamoto,4-3-3,Koichiro Fukushima,Match Report,,Gamba-Osaka,9,5,0,0
15,2023-06-04,14:00,J1 League,Matchweek 16,Sun,Away,L,1.0,3.0,Sanfrecce,54.0,14678.0,Sota Kawasaki,4-3-3,Yuichi Nishimura,Match Report,,Kyoto-Sanga,15,4,0,0
15,2023-06-04,17:00,J1 League,Matchweek 16,Sun,Away,D,0.0,0.0,Urawa Reds,51.0,45575.0,Yuma Suzuki,4-4-2,Andrew Madley,Match Report,,Kashima-Antlers,9,3,0,0
15,2023-06-04,14:00,J1 League,Matchweek 16,Sun,Home,W,3.0,1.0,Kyoto Sanga,46.0,14678.0,Sho Sasaki,3-4-3,Yuichi Nishimura,Match Report,,Sanfrecce-Hiroshima,14,10,0,0
14,2023-06-04,17:00,J1 League,Matchweek 16,Sun,Home,D,0.0,0.0,Kashima Antlers,49.0,45575.0,Hiroki Sakai,4-2-3-1,Andrew Madley,Match Report,,Urawa-Red-Diamonds,10,2,0,0
15,2023-06-10,19:00,J1 League,Matchweek 17,Sat,Away,L,1.0,2.0,Cerezo Osaka,56.0,22542.0,Hotaru Yamaguchi,4-3-3,Yuichi Nishimura,Match Report,,Vissel-Kobe,16,4,0,0
16,2023-06-10,19:00,J1 League,Matchweek 17,Sat,Home,W,2.0,1.0,Vissel Kobe,44.0,22542.0,Shinji Kagawa,4-4-2,Yuichi Nishimura,Match Report,,Cerezo-Osaka,13,6,0,0
16,2023-06-10,16:00,J1 League,Matchweek 17,Sat,Away,L,3.0,4.0,Marinos,36.0,26946.0,Taiyo Koga,4-4-2,Akihiko Ikeuchi,Match Report,,Kashiwa-Reysol,19,5,0,0
16,2023-06-10,16:00,J1 League,Matchweek 17,Sat,Home,W,4.0,3.0,Kashiwa Reysol,64.0,26946.0,Takuya Kida,4-2-3-1,Akihiko Ikeuchi,Match Report,,Yokohama-F-Marinos,15,4,1,1
16,2023-06-10,19:00,J1 League,Matchweek 17,Sat,Away,D,1.0,1.0,Sagan Tosu,52.0,7774.0,Hiroki Miyazawa,3-4-3,Yoshirō Imamura,Match Report,,Hokkaido-Consadole-Sapporo,20,5,0,0
16,2023-06-10,19:00,J1 League,Matchweek 17,Sat,Home,D,1.0,1.0,Consa Sapporo,48.0,7774.0,Yuji Ono,4-3-3,Yoshirō Imamura,Match Report,,Sagan-Tosu,6,0,0,0
15,2023-06-11,19:00,J1 League,Matchweek 17,Sun,Home,W,1.0,0.0,Sanfrecce,53.0,18051.0,Kyohei Noborizato,4-3-3,Ryo Tanimoto,Match Report,,Kawasaki-Frontale,9,3,0,0
15,2023-06-11,18:30,J1 League,Matchweek 17,Sun,Away,D,0.0,0.0,Yokohama FC,63.0,10086.0,Hiroki Sakai,4-2-3-1,Hayato Shimizu,Match Report,,Urawa-Red-Diamonds,18,5,0,0
16,2023-06-11,16:00,J1 League,Matchweek 17,Sun,Home,W,2.0,1.0,Avispa Fukuoka,49.0,13992.0,Sho Inagaki,3-4-1-2,Shū Kawamata,Match Report,,Nagoya-Grampus,17,5,1,1
16,2023-06-11,18:00,J1 League,Matchweek 17,Sun,Home,W,1.0,0.0,Shonan Bellmare,44.0,13169.0,Yuma Suzuki,4-4-2,Masuya Ueda,Match Report,,Kashima-Antlers,8,3,0,1
16,2023-06-11,18:00,J1 League,Matchweek 17,Sun,Away,L,1.0,3.0,Gamba Osaka,57.0,19631.0,Masato Morishige,4-3-3,Andrew Madley,Match Report,,FC-Tokyo,12,5,0,0
16,2023-06-11,18:30,J1 League,Matchweek 17,Sun,Home,D,0.0,0.0,Urawa Reds,37.0,10086.0,Katsuya Iwatake,3-4-3,Hayato Shimizu,Match Report,,Yokohama-FC,7,3,0,0
16,2023-06-11,14:00,J1 League,Matchweek 17,Sun,Home,L,1.0,3.0,Kyoto Sanga,76.0,30136.0,Takahiro Ko,4-2-3-1,Hajime Matsuo,Match Report,,Albirex-Niigata,20,4,0,0
16,2023-06-11,18:00,J1 League,Matchweek 17,Sun,Home,W,3.0,1.0,FC Tokyo,43.0,19631.0,Yuki Yamamoto,4-3-3,Andrew Madley,Match Report,,Gamba-Osaka,18,9,0,0
15,2023-06-11,18:00,J1 League,Matchweek 17,Sun,Away,L,0.0,1.0,Kashima Antlers,57.0,13169.0,Kazuki Oiwa,3-1-4-2,Masuya Ueda,Match Report,,Shonan-Bellmare,12,1,0,0
16,2023-06-11,19:00,J1 League,Matchweek 17,Sun,Away,L,0.0,1.0,Kawa Frontale,47.0,18051.0,Sho Sasaki,3-4-3,Ryo Tanimoto,Match Report,,Sanfrecce-Hiroshima,17,2,0,0
16,2023-06-11,16:00,J1 League,Matchweek 17,Sun,Away,L,1.0,2.0,Grampus,51.0,13992.0,Tatsuki Nara,4-4-2,Shū Kawamata,Match Report,,Avispa-Fukuoka,8,1,1,1
16,2023-06-11,14:00,J1 League,Matchweek 17,Sun,Away,W,3.0,1.0,Albirex Niigata,24.0,30136.0,Sota Kawasaki,4-3-3,Hajime Matsuo,Match Report,,Kyoto-Sanga,10,3,1,1
17,2023-06-24,19:00,J1 League,Matchweek 18,Sat,Away,L,1.0,2.0,Kyoto Sanga,51.0,8784.0,Katsuya Iwatake,3-4-3,Akihiko Ikeuchi,Match Report,,Yokohama-FC,12,5,0,0
17,2023-06-24,19:00,J1 League,Matchweek 18,Sat,Away,L,1.0,2.0,Gamba Osaka,47.0,22483.0,Shoma Doi,4-4-2,Futoshi Nakamura,Match Report,,Kashima-Antlers,8,2,0,0
17,2023-06-24,19:00,J1 League,Matchweek 18,Sat,Away,W,1.0,0.0,Sanfrecce,56.0,15163.0,Takuya Kida,4-2-3-1,Jumpei Iida,Match Report,,Yokohama-F-Marinos,12,4,0,0
16,2023-06-24,19:30,J1 League,Matchweek 18,Sat,Home,D,1.0,1.0,Kawa Frontale,46.0,35887.0,Ken Iwao,4-2-3-1,Yoshirō Imamura,Match Report,,Urawa-Red-Diamonds,11,5,0,0
17,2023-06-24,19:00,J1 League,Matchweek 18,Sat,Home,W,2.0,0.0,Grampus,48.0,28636.0,Masato Morishige,4-2-3-1,Takafumi Mikuriya,Match Report,,FC-Tokyo,13,4,0,0
17,2023-06-24,19:00,J1 League,Matchweek 18,Sat,Home,W,2.0,1.0,Yokohama FC,49.0,8784.0,Temma Matsuda,4-3-3,Akihiko Ikeuchi,Match Report,,Kyoto-Sanga,16,2,0,0
17,2023-06-24,14:00,J1 League,Matchweek 18,Sat,Away,W,4.0,1.0,Consa Sapporo,33.0,24509.0,Shinji Kagawa,4-4-2,Ryo Tanimoto,Match Report,,Cerezo-Osaka,9,7,0,0
17,2023-06-24,19:00,J1 League,Matchweek 18,Sat,Home,D,0.0,0.0,Albirex Niigata,41.0,10715.0,Taiyo Koga,4-4-2,Takuto Okabe,Match Report,,Kashiwa-Reysol,7,4,0,0
17,2023-06-24,14:00,J1 League,Matchweek 18,Sat,Home,L,1.0,4.0,Cerezo Osaka,67.0,24509.0,Takuma Arano,3-4-3,Ryo Tanimoto,Match Report,,Hokkaido-Consadole-Sapporo,17,1,0,0
17,2023-06-24,19:00,J1 League,Matchweek 18,Sat,Away,L,0.0,2.0,FC Tokyo,52.0,28636.0,Sho Inagaki,3-4-1-2,Takafumi Mikuriya,Match Report,,Nagoya-Grampus,9,3,0,0
17,2023-06-24,19:00,J1 League,Matchweek 18,Sat,Away,W,6.0,0.0,Shonan Bellmare,46.0,9848.0,Yuji Ono,4-2-3-1,Khamis Mohammed Al Marri,Match Report,,Sagan-Tosu,13,10,1,1
17,2023-06-24,19:00,J1 League,Matchweek 18,Sat,Away,D,0.0,0.0,Kashiwa Reysol,59.0,10715.0,Takahiro Ko,4-4-2,Takuto Okabe,Match Report,,Albirex-Niigata,10,4,0,0
16,2023-06-24,19:00,J1 League,Matchweek 18,Sat,Home,L,0.0,6.0,Sagan Tosu,54.0,9848.0,Daiki Sugioka,3-1-4-2,Khamis Mohammed Al Marri,Match Report,,Shonan-Bellmare,21,9,0,0
17,2023-06-24,19:00,J1 League,Matchweek 18,Sat,Home,W,2.0,1.0,Kashima Antlers,54.0,22483.0,Takashi Usami,4-3-3,Futoshi Nakamura,Match Report,,Gamba-Osaka,12,4,0,0
16,2023-06-24,19:30,J1 League,Matchweek 18,Sat,Away,D,1.0,1.0,Urawa Reds,54.0,35887.0,Kyohei Noborizato,4-3-3,Yoshirō Imamura,Match Report,,Kawasaki-Frontale,12,1,0,0
17,2023-06-24,19:00,J1 League,Matchweek 18,Sat,Home,L,0.0,1.0,Marinos,44.0,15163.0,Sho Sasaki,3-4-3,Jumpei Iida,Match Report,,Sanfrecce-Hiroshima,22,1,0,0
16,2023-06-25,19:00,J1 League,Matchweek 18,Sun,Away,W,3.0,0.0,Avispa Fukuoka,50.0,11697.0,Hotaru Yamaguchi,4-3-3,Yudai Yamamoto,Match Report,,Vissel-Kobe,7,4,0,0
17,2023-06-25,19:00,J1 League,Matchweek 18,Sun,Home,L,0.0,3.0,Vissel Kobe,50.0,11697.0,Tatsuki Nara,4-4-2,Yudai Yamamoto,Match Report,,Avispa-Fukuoka,16,5,0,0
17,2023-06-28,19:30,J1 League,Matchweek 12,Wed,Away,L,1.0,4.0,Urawa Reds,47.0,18208.0,Daiki Sugioka,3-1-4-2,Yūsuke Araki,Match Report,,Shonan-Bellmare,10,1,0,0
17,2023-06-28,19:30,J1 League,Matchweek 12,Wed,Home,W,4.0,1.0,Shonan Bellmare,53.0,18208.0,Hiroki Sakai,4-2-3-1,Yūsuke Araki,Match Report,,Urawa-Red-Diamonds,20,10,0,0
18,2023-06-30,19:00,J1 League,Matchweek 19,Fri,Away,W,1.0,0.0,Cerezo Osaka,33.0,11786.0,Tatsuki Nara,4-4-2,Hayato Shimizu,Match Report,,Avispa-Fukuoka,8,1,0,0
18,2023-06-30,19:00,J1 League,Matchweek 19,Fri,Home,L,0.0,1.0,Avispa Fukuoka,67.0,11786.0,Shinji Kagawa,4-4-2,Hayato Shimizu,Match Report,,Cerezo-Osaka,11,3,0,0
18,2023-07-01,18:30,J1 League,Matchweek 19,Sat,Away,D,0.0,0.0,Yokohama FC,57.0,10348.0,Yuki Yamamoto,4-3-3,Koichiro Fukushima,Match Report,,Gamba-Osaka,13,6,0,0
18,2023-07-01,18:00,J1 League,Matchweek 19,Sat,Away,L,0.0,2.0,Albirex Niigata,58.0,19064.0,Sho Sasaki,3-4-3,Yuichi Nishimura,Match Report,,Sanfrecce-Hiroshima,11,2,0,0
18,2023-07-01,19:00,J1 League,Matchweek 19,Sat,Away,L,0.0,1.0,FC Tokyo,52.0,20571.0,Taiyo Koga,4-4-2,Hiroki Kasahara,Match Report,,Kashiwa-Reysol,5,0,0,0
18,2023-07-01,19:00,J1 League,Matchweek 19,Sat,Away,D,1.0,1.0,Vissel Kobe,53.0,27630.0,Hiroki Miyazawa,3-4-1-2,Khamis Mohammed Al Marri,Match Report,,Hokkaido-Consadole-Sapporo,21,7,0,0
18,2023-07-01,18:30,J1 League,Matchweek 19,Sat,Home,D,0.0,0.0,Gamba Osaka,43.0,10348.0,Katsuya Iwatake,3-4-3,Koichiro Fukushima,Match Report,,Yokohama-FC,20,3,0,0
18,2023-07-01,18:00,J1 League,Matchweek 19,Sat,Home,W,2.0,0.0,Kawa Frontale,33.0,25560.0,Sho Inagaki,3-4-1-2,Hiroyuki Kimura,Match Report,,Nagoya-Grampus,10,5,0,0
18,2023-07-01,19:00,J1 League,Matchweek 19,Sat,Away,W,2.0,1.0,Sagan Tosu,31.0,11224.0,Hiroki Sakai,4-2-3-1,Ryo Tanimoto,Match Report,,Urawa-Red-Diamonds,15,6,0,0
18,2023-07-01,18:00,J1 League,Matchweek 19,Sat,Home,W,2.0,0.0,Sanfrecce,42.0,19064.0,Yuzuru Shimada,4-4-2,Yuichi Nishimura,Match Report,,Albirex-Niigata,16,6,0,0
18,2023-07-01,18:00,J1 League,Matchweek 19,Sat,Away,D,0.0,0.0,Kashima Antlers,45.0,16353.0,Sota Kawasaki,4-3-3,Yūsuke Araki,Match Report,,Kyoto-Sanga,11,1,0,0
18,2023-07-01,19:00,J1 League,Matchweek 19,Sat,Home,L,1.0,2.0,Urawa Reds,69.0,11224.0,Yuji Ono,4-2-3-1,Ryo Tanimoto,Match Report,,Sagan-Tosu,10,2,0,0
17,2023-07-01,19:00,J1 League,Matchweek 19,Sat,Home,D,1.0,1.0,Consa Sapporo,47.0,27630.0,Andrés Iniesta,4-2-3-1,Khamis Mohammed Al Marri,Match Report,,Vissel-Kobe,14,3,0,0
18,2023-07-01,19:00,J1 League,Matchweek 19,Sat,Home,W,1.0,0.0,Kashiwa Reysol,48.0,20571.0,Masato Morishige,4-2-3-1,Hiroki Kasahara,Match Report,,FC-Tokyo,12,5,0,0
18,2023-07-01,18:00,J1 League,Matchweek 19,Sat,Home,D,0.0,0.0,Kyoto Sanga,55.0,16353.0,Yuma Suzuki,4-4-2,Yūsuke Araki,Match Report,,Kashima-Antlers,13,3,0,0
17,2023-07-01,18:00,J1 League,Matchweek 19,Sat,Away,L,0.0,2.0,Grampus,67.0,25560.0,Kyohei Noborizato,4-4-2,Hiroyuki Kimura,Match Report,,Kawasaki-Frontale,23,4,0,0
18,2023-07-02,19:00,J1 League,Matchweek 19,Sun,Home,W,4.0,1.0,Shonan Bellmare,55.0,21160.0,Dudu,4-2-3-1,Futoshi Nakamura,Match Report,,Yokohama-F-Marinos,21,13,0,0
18,2023-07-02,19:00,J1 League,Matchweek 19,Sun,Away,L,1.0,4.0,Marinos,45.0,21160.0,Kazuki Oiwa,3-1-4-2,Futoshi Nakamura,Match Report,,Shonan-Bellmare,13,4,1,1
19,2023-07-07,19:00,J1 League,Matchweek 20,Fri,Home,L,0.0,1.0,Vissel Kobe,58.0,26519.0,Takahiro Ko,4-2-3-1,Koichiro Fukushima,Match Report,,Albirex-Niigata,19,6,0,0
18,2023-07-07,19:00,J1 League,Matchweek 20,Fri,Away,W,1.0,0.0,Albirex Niigata,42.0,26519.0,Hotaru Yamaguchi,4-4-1-1,Koichiro Fukushima,Match Report,,Vissel-Kobe,6,2,0,0
19,2023-07-08,19:00,J1 League,Matchweek 20,Sat,Away,L,0.0,1.0,Gamba Osaka,45.0,23048.0,Sota Kawasaki,4-3-3,Kōei Koya,Match Report,,Kyoto-Sanga,10,0,0,0
19,2023-07-08,19:00,J1 League,Matchweek 20,Sat,Home,D,1.0,1.0,Shonan Bellmare,39.0,10540.0,Taiyo Koga,4-2-3-1,Yoshirō Imamura,Match Report,,Kashiwa-Reysol,7,2,0,0
19,2023-07-08,19:00,J1 League,Matchweek 20,Sat,Away,L,0.0,3.0,Kawa Frontale,41.0,21856.0,Katsuya Iwatake,3-4-3,Hajime Matsuo,Match Report,,Yokohama-FC,12,2,0,0
19,2023-07-08,19:30,J1 League,Matchweek 20,Sat,Home,W,2.0,1.0,Cerezo Osaka,55.0,7762.0,Yuji Ono,4-2-3-1,Jumpei Iida,Match Report,,Sagan-Tosu,13,6,0,0
19,2023-07-08,18:30,J1 League,Matchweek 20,Sat,Home,D,1.0,1.0,Kashima Antlers,50.0,8361.0,Yoshifumi Kashiwa,3-4-3,Hiroki Kasahara,Match Report,,Sanfrecce-Hiroshima,18,4,0,0
19,2023-07-08,18:00,J1 League,Matchweek 20,Sat,Home,D,2.0,2.0,Marinos,41.0,29743.0,Sho Inagaki,3-4-1-2,Yūsuke Araki,Match Report,,Nagoya-Grampus,15,7,0,0
19,2023-07-08,19:00,J1 League,Matchweek 20,Sat,Home,W,2.0,1.0,Consa Sapporo,40.0,7170.0,Tatsuki Nara,4-4-2,Akihiko Ikeuchi,Match Report,,Avispa-Fukuoka,5,3,0,0
19,2023-07-08,19:00,J1 League,Matchweek 20,Sat,Away,D,1.0,1.0,Kashiwa Reysol,62.0,10540.0,Kazunari Ono,3-1-4-2,Yoshirō Imamura,Match Report,,Shonan-Bellmare,9,6,0,0
19,2023-07-08,19:00,J1 League,Matchweek 20,Sat,Away,L,1.0,2.0,Avispa Fukuoka,60.0,7170.0,Hiroki Miyazawa,3-4-3,Akihiko Ikeuchi,Match Report,,Hokkaido-Consadole-Sapporo,17,2,0,1
18,2023-07-08,19:00,J1 League,Matchweek 20,Sat,Home,W,3.0,0.0,Yokohama FC,59.0,21856.0,Shin Yamada,4-3-3,Hajime Matsuo,Match Report,,Kawasaki-Frontale,16,6,1,1
19,2023-07-08,19:30,J1 League,Matchweek 20,Sat,Away,L,1.0,2.0,Sagan Tosu,45.0,7762.0,Shinji Kagawa,4-4-2,Jumpei Iida,Match Report,,Cerezo-Osaka,13,7,0,0
19,2023-07-08,18:00,J1 League,Matchweek 20,Sat,Away,D,2.0,2.0,Grampus,59.0,29743.0,Dudu,4-2-3-1,Yūsuke Araki,Match Report,,Yokohama-F-Marinos,16,5,0,0
19,2023-07-08,19:00,J1 League,Matchweek 20,Sat,Home,W,1.0,0.0,Kyoto Sanga,55.0,23048.0,Yuki Yamamoto,4-4-1-1,Kōei Koya,Match Report,,Gamba-Osaka,10,2,0,0
19,2023-07-08,19:00,J1 League,Matchweek 20,Sat,Home,D,0.0,0.0,FC Tokyo,59.0,49108.0,Hiroki Sakai,4-2-3-1,Khamis Mohammed Al Marri,Match Report,,Urawa-Red-Diamonds,11,3,0,0
19,2023-07-08,18:30,J1 League,Matchweek 20,Sat,Away,D,1.0,1.0,Sanfrecce,50.0,8361.0,Shoma Doi,4-2-3-1,Hiroki Kasahara,Match Report,,Kashima-Antlers,13,6,0,0
19,2023-07-08,19:00,J1 League,Matchweek 20,Sat,Away,D,0.0,0.0,Urawa Reds,41.0,49108.0,Diego Oliveira,4-2-3-1,Khamis Mohammed Al Marri,Match Report,,FC-Tokyo,8,2,0,0
20,2023-07-15,19:00,J1 League,Matchweek 21,Sat,Home,L,0.0,1.0,Kawa Frontale,57.0,42772.0,Dudu,4-2-3-1,Khamis Mohammed Al Marri,Match Report,,Yokohama-F-Marinos,14,5,0,0
19,2023-07-15,19:00,J1 League,Matchweek 21,Sat,Away,W,1.0,0.0,Marinos,43.0,42772.0,Kyohei Noborizato,4-3-3,Khamis Mohammed Al Marri,Match Report,,Kawasaki-Frontale,17,6,0,1
20,2023-07-15,13:00,J1 League,Matchweek 21,Sat,Home,L,0.0,1.0,Albirex Niigata,64.0,7591.0,Hiroki Miyazawa,3-4-3,Masuya Ueda,Match Report,,Hokkaido-Consadole-Sapporo,14,3,0,0
20,2023-07-15,13:00,J1 League,Matchweek 21,Sat,Away,W,1.0,0.0,Consa Sapporo,36.0,7591.0,Takahiro Ko,4-2-3-1,Masuya Ueda,Match Report,,Albirex-Niigata,3,1,0,0
20,2023-07-16,19:00,J1 League,Matchweek 21,Sun,Away,L,1.0,2.0,Vissel Kobe,46.0,19893.0,Yuji Ono,4-2-3-1,Futoshi Nakamura,Match Report,,Sagan-Tosu,8,3,1,1
20,2023-07-16,18:00,J1 League,Matchweek 21,Sun,Away,D,1.0,1.0,Sanfrecce,32.0,12760.0,Katsuya Iwatake,3-4-3,Hiroyuki Kimura,Match Report,,Yokohama-FC,10,2,0,0
20,2023-07-16,19:00,J1 League,Matchweek 21,Sun,Home,W,2.0,1.0,Grampus,47.0,13360.0,Ryogo Yamasaki,4-3-3,Jumpei Iida,Match Report,,Kyoto-Sanga,15,7,0,0
20,2023-07-16,19:00,J1 League,Matchweek 21,Sun,Home,W,3.0,1.0,Kashiwa Reysol,61.0,18679.0,Yuki Yamamoto,4-3-3,Hajime Matsuo,Match Report,,Gamba-Osaka,6,3,1,1
20,2023-07-16,19:00,J1 League,Matchweek 21,Sun,Home,L,1.0,3.0,Kashima Antlers,59.0,37014.0,Masato Morishige,4-2-3-1,Akihiko Ikeuchi,Match Report,,FC-Tokyo,6,1,0,0
20,2023-07-16,19:00,J1 League,Matchweek 21,Sun,Away,W,1.0,0.0,Shonan Bellmare,29.0,9878.0,Hiroyuki Mae,4-4-2,Takafumi Mikuriya,Match Report,,Avispa-Fukuoka,6,2,0,0
20,2023-07-16,18:00,J1 League,Matchweek 21,Sun,Home,D,1.0,1.0,Yokohama FC,68.0,12760.0,Sho Sasaki,3-4-3,Hiroyuki Kimura,Match Report,,Sanfrecce-Hiroshima,15,4,0,0
20,2023-07-16,19:00,J1 League,Matchweek 21,Sun,Away,W,3.0,1.0,FC Tokyo,41.0,37014.0,Yuma Suzuki,4-4-2,Akihiko Ikeuchi,Match Report,,Kashima-Antlers,15,7,0,0
20,2023-07-16,19:00,J1 League,Matchweek 21,Sun,Home,W,2.0,0.0,Urawa Reds,47.0,21007.0,Shinji Kagawa,4-4-2,Yudai Yamamoto,Match Report,,Cerezo-Osaka,15,5,0,0
20,2023-07-16,19:00,J1 League,Matchweek 21,Sun,Away,L,0.0,2.0,Cerezo Osaka,53.0,21007.0,Hiroki Sakai,4-2-3-1,Yudai Yamamoto,Match Report,,Urawa-Red-Diamonds,7,3,0,1
20,2023-07-16,19:00,J1 League,Matchweek 21,Sun,Away,L,1.0,2.0,Kyoto Sanga,53.0,13360.0,Sho Inagaki,3-4-1-2,Jumpei Iida,Match Report,,Nagoya-Grampus,12,3,0,0
19,2023-07-16,19:00,J1 League,Matchweek 21,Sun,Home,W,2.0,1.0,Sagan Tosu,54.0,19893.0,Hotaru Yamaguchi,4-4-2,Futoshi Nakamura,Match Report,,Vissel-Kobe,13,4,0,0
20,2023-07-16,19:00,J1 League,Matchweek 21,Sun,Away,L,1.0,3.0,Gamba Osaka,39.0,18679.0,Taiyo Koga,4-4-2,Hajime Matsuo,Match Report,,Kashiwa-Reysol,15,5,0,0
20,2023-07-16,19:00,J1 League,Matchweek 21,Sun,Home,L,0.0,1.0,Avispa Fukuoka,71.0,9878.0,Daiki Sugioka,3-1-4-2,Takafumi Mikuriya,Match Report,,Shonan-Bellmare,9,3,0,0
20,2023-07-22,19:00,J1 League,Matchweek 16,Sat,Away,D,2.0,2.0,Vissel Kobe,53.0,15986.0,Kyohei Noborizato,4-3-3,Hiroyuki Kimura,Match Report,,Kawasaki-Frontale,11,6,0,0
20,2023-07-22,19:00,J1 League,Matchweek 16,Sat,Home,D,2.0,2.0,Kawa Frontale,48.0,15986.0,Hotaru Yamaguchi,4-2-3-1,Hiroyuki Kimura,Match Report,,Vissel-Kobe,9,2,1,1
